[30Oct2024 19:48:32.492] [main/INFO] [cpw.mods.modlauncher.Launcher/MODLAUNCHER]: ModLauncher running: args [--launchTarget, forgeclientuserdev, --version, 21.1.65, --assetIndex, 17, --assetsDir, C:\\Users\\Karl\\.mcreator\\gradle\\caches\\neoformruntime\\assets, --gameDir, ., --fml.neoForgeVersion, 21.1.65, --fml.fmlVersion, 4.0.24, --fml.mcVersion, 1.21.1, --fml.neoFormVersion, 20240808.144430]
[30Oct2024 19:48:32.498] [main/INFO] [cpw.mods.modlauncher.Launcher/MODLAUNCHER]: JVM identified as Eclipse Adoptium OpenJDK 64-Bit Server VM 21.0.4+7-LTS
[30Oct2024 19:48:32.501] [main/INFO] [cpw.mods.modlauncher.Launcher/MODLAUNCHER]: ModLauncher 11.0.4+main.d2e20e43 starting: java version 21.0.4 by Eclipse Adoptium; OS Windows 11 arch amd64 version 10.0
[30Oct2024 19:48:32.538] [main/DEBUG] [cpw.mods.modlauncher.LaunchServiceHandler/MODLAUNCHER]: Found launch services [minecraft,forgeclient,forgedatauserdev,testharness,forgeserverdev,forgeserveruserdev,forgejunitdev,forgeclientdev,forgeclientuserdev,forgeserver,forgejunituserdev,forgedatadev]
[30Oct2024 19:48:32.577] [main/DEBUG] [cpw.mods.modlauncher.LaunchPluginHandler/MODLAUNCHER]: Found launch plugins: [mixin,slf4jfixer,runtime_enum_extender,accesstransformer,runtimedistcleaner]
[30Oct2024 19:48:32.594] [main/DEBUG] [cpw.mods.modlauncher.TransformationServicesHandler/MODLAUNCHER]: Discovering transformation services
[30Oct2024 19:48:32.603] [main/DEBUG] [net.neoforged.fml.loading.FMLPaths/CORE]: Path GAMEDIR is D:\Files\Da Documents\Mods\MC-Kraftmined-Ultimate\Kombat\run
[30Oct2024 19:48:32.604] [main/DEBUG] [net.neoforged.fml.loading.FMLPaths/CORE]: Path MODSDIR is D:\Files\Da Documents\Mods\MC-Kraftmined-Ultimate\Kombat\run\mods
[30Oct2024 19:48:32.604] [main/DEBUG] [net.neoforged.fml.loading.FMLPaths/CORE]: Path CONFIGDIR is D:\Files\Da Documents\Mods\MC-Kraftmined-Ultimate\Kombat\run\config
[30Oct2024 19:48:32.605] [main/DEBUG] [net.neoforged.fml.loading.FMLPaths/CORE]: Path FMLCONFIG is D:\Files\Da Documents\Mods\MC-Kraftmined-Ultimate\Kombat\run\config\fml.toml
[30Oct2024 19:48:32.684] [main/DEBUG] [net.neoforged.fml.loading.targets.CommonLaunchHandler/CORE]: Got mod coordinates testproject%%D:\Files\Da Documents\Mods\MC-Kraftmined-Ultimate\Kombat\build\classes\java\main;testproject%%D:\Files\Da Documents\Mods\MC-Kraftmined-Ultimate\Kombat\build\resources\main from env
[30Oct2024 19:48:32.687] [main/DEBUG] [net.neoforged.fml.loading.targets.CommonLaunchHandler/CORE]: Found supplied mod coordinates [{testproject=[D:\Files\Da Documents\Mods\MC-Kraftmined-Ultimate\Kombat\build\classes\java\main, D:\Files\Da Documents\Mods\MC-Kraftmined-Ultimate\Kombat\build\resources\main]}]
[30Oct2024 19:48:32.691] [main/DEBUG] [cpw.mods.modlauncher.TransformationServicesHandler/MODLAUNCHER]: Found additional transformation services from discovery services: 
[30Oct2024 19:48:32.702] [main/INFO] [net.neoforged.fml.loading.ImmediateWindowHandler/]: Loading ImmediateWindowProvider fmlearlywindow
[30Oct2024 19:48:32.962] [main/INFO] [EARLYDISPLAY/]: Trying GL version 4.6
[30Oct2024 19:48:33.456] [main/INFO] [EARLYDISPLAY/]: Requested GL version 4.6 got version 4.6
[30Oct2024 19:48:33.544] [main/DEBUG] [cpw.mods.modlauncher.TransformationServicesHandler/MODLAUNCHER]: Found transformer services : [mixin,fml]
[30Oct2024 19:48:33.544] [main/DEBUG] [cpw.mods.modlauncher.TransformationServicesHandler/MODLAUNCHER]: Transformation services loading
[30Oct2024 19:48:33.545] [main/DEBUG] [cpw.mods.modlauncher.TransformationServiceDecorator/MODLAUNCHER]: Loading service mixin
[30Oct2024 19:48:33.547] [main/DEBUG] [cpw.mods.modlauncher.TransformationServiceDecorator/MODLAUNCHER]: Loaded service mixin
[30Oct2024 19:48:33.548] [main/DEBUG] [cpw.mods.modlauncher.TransformationServiceDecorator/MODLAUNCHER]: Loading service fml
[30Oct2024 19:48:33.550] [main/DEBUG] [net.neoforged.fml.loading.FMLLoader/CORE]: FML 4.0.24 loading
[30Oct2024 19:48:33.551] [main/DEBUG] [net.neoforged.fml.loading.FMLLoader/CORE]: FML found ModLauncher version : 11.0.4+main.d2e20e43
[30Oct2024 19:48:33.551] [main/DEBUG] [net.neoforged.fml.loading.FMLLoader/CORE]: FML found AccessTransformer version : 10.0.1+139da711
[30Oct2024 19:48:33.553] [main/DEBUG] [net.neoforged.fml.loading.FMLLoader/CORE]: FML found EventBus version : null
[30Oct2024 19:48:33.554] [main/DEBUG] [net.neoforged.fml.loading.FMLLoader/CORE]: Found Runtime Dist Cleaner
[30Oct2024 19:48:33.556] [main/DEBUG] [cpw.mods.modlauncher.TransformationServiceDecorator/MODLAUNCHER]: Loaded service fml
[30Oct2024 19:48:33.559] [main/DEBUG] [cpw.mods.modlauncher.TransformationServicesHandler/MODLAUNCHER]: Configuring option handling for services
[30Oct2024 19:48:33.604] [main/DEBUG] [net.neoforged.fml.loading.FMLServiceProvider/CORE]: Received command line version data  : VersionInfo[neoForgeVersion=21.1.65, fmlVersion=4.0.24, mcVersion=1.21.1, neoFormVersion=20240808.144430]
[30Oct2024 19:48:33.605] [main/DEBUG] [cpw.mods.modlauncher.TransformationServicesHandler/MODLAUNCHER]: Transformation services initializing
[30Oct2024 19:48:33.606] [main/DEBUG] [cpw.mods.modlauncher.TransformationServiceDecorator/MODLAUNCHER]: Initializing transformation service mixin
[30Oct2024 19:48:33.623] [main/DEBUG] [mixin/]: MixinService [ModLauncher] was successfully booted in cpw.mods.cl.ModuleClassLoader@130d63be
[30Oct2024 19:48:33.636] [main/INFO] [mixin/]: SpongePowered MIXIN Subsystem Version=0.8.7 Source=union:/C:/Users/Karl/.mcreator/gradle/caches/modules-2/files-2.1/net.fabricmc/sponge-mixin/0.15.2+mixin.0.8.7/2af2f021d8e02a0220dc27a7a72b4666d66d44ca/sponge-mixin-0.15.2+mixin.0.8.7.jar%23131!/ Service=ModLauncher Env=CLIENT
[30Oct2024 19:48:33.642] [main/DEBUG] [mixin/]: Initialising Mixin Platform Manager
[30Oct2024 19:48:33.643] [main/DEBUG] [mixin/]: Adding mixin platform agents for container ModLauncher Root Container(ModLauncher:4f56a0a2)
[30Oct2024 19:48:33.644] [main/DEBUG] [mixin/]: Instancing new MixinPlatformAgentMinecraftForge for ModLauncher Root Container(ModLauncher:4f56a0a2)
[30Oct2024 19:48:33.645] [main/DEBUG] [mixin/]: MixinPlatformAgentMinecraftForge rejected container ModLauncher Root Container(ModLauncher:4f56a0a2)
[30Oct2024 19:48:33.645] [main/DEBUG] [mixin/]: Instancing new MixinPlatformAgentDefault for ModLauncher Root Container(ModLauncher:4f56a0a2)
[30Oct2024 19:48:33.646] [main/DEBUG] [mixin/]: MixinPlatformAgentDefault accepted container ModLauncher Root Container(ModLauncher:4f56a0a2)
[30Oct2024 19:48:33.649] [main/DEBUG] [cpw.mods.modlauncher.TransformationServiceDecorator/MODLAUNCHER]: Initialized transformation service mixin
[30Oct2024 19:48:33.650] [main/DEBUG] [cpw.mods.modlauncher.TransformationServiceDecorator/MODLAUNCHER]: Initializing transformation service fml
[30Oct2024 19:48:33.652] [main/DEBUG] [net.neoforged.fml.loading.FMLServiceProvider/CORE]: Setting up basic FML game directories
[30Oct2024 19:48:33.654] [main/DEBUG] [net.neoforged.fml.loading.FMLPaths/CORE]: Path GAMEDIR is D:\Files\Da Documents\Mods\MC-Kraftmined-Ultimate\Kombat\run
[30Oct2024 19:48:33.654] [main/DEBUG] [net.neoforged.fml.loading.FMLPaths/CORE]: Path MODSDIR is D:\Files\Da Documents\Mods\MC-Kraftmined-Ultimate\Kombat\run\mods
[30Oct2024 19:48:33.654] [main/DEBUG] [net.neoforged.fml.loading.FMLPaths/CORE]: Path CONFIGDIR is D:\Files\Da Documents\Mods\MC-Kraftmined-Ultimate\Kombat\run\config
[30Oct2024 19:48:33.655] [main/DEBUG] [net.neoforged.fml.loading.FMLPaths/CORE]: Path FMLCONFIG is D:\Files\Da Documents\Mods\MC-Kraftmined-Ultimate\Kombat\run\config\fml.toml
[30Oct2024 19:48:33.655] [main/DEBUG] [net.neoforged.fml.loading.FMLServiceProvider/CORE]: Loading configuration
[30Oct2024 19:48:33.663] [main/DEBUG] [net.neoforged.fml.loading.FMLServiceProvider/CORE]: Preparing launch handler
[30Oct2024 19:48:33.664] [main/DEBUG] [net.neoforged.fml.loading.FMLLoader/CORE]: Using forgeclientuserdev as launch service
[30Oct2024 19:48:33.669] [main/DEBUG] [cpw.mods.modlauncher.TransformationServiceDecorator/MODLAUNCHER]: Initialized transformation service fml
[30Oct2024 19:48:33.669] [main/DEBUG] [cpw.mods.modlauncher.TransformationServicesHandler/MODLAUNCHER]: Transformation services begin scanning
[30Oct2024 19:48:33.670] [main/DEBUG] [cpw.mods.modlauncher.TransformationServiceDecorator/MODLAUNCHER]: Beginning scan trigger - transformation service mixin
[30Oct2024 19:48:33.671] [main/DEBUG] [cpw.mods.modlauncher.TransformationServiceDecorator/MODLAUNCHER]: End scan trigger - transformation service mixin
[30Oct2024 19:48:33.672] [main/DEBUG] [cpw.mods.modlauncher.TransformationServiceDecorator/MODLAUNCHER]: Beginning scan trigger - transformation service fml
[30Oct2024 19:48:33.672] [main/DEBUG] [net.neoforged.fml.loading.FMLServiceProvider/CORE]: Initiating mod scan
[30Oct2024 19:48:33.677] [main/DEBUG] [net.neoforged.fml.loading.targets.CommonLaunchHandler/CORE]: Got mod coordinates testproject%%D:\Files\Da Documents\Mods\MC-Kraftmined-Ultimate\Kombat\build\classes\java\main;testproject%%D:\Files\Da Documents\Mods\MC-Kraftmined-Ultimate\Kombat\build\resources\main from env
[30Oct2024 19:48:33.678] [main/DEBUG] [net.neoforged.fml.loading.targets.CommonLaunchHandler/CORE]: Found supplied mod coordinates [{testproject=[D:\Files\Da Documents\Mods\MC-Kraftmined-Ultimate\Kombat\build\classes\java\main, D:\Files\Da Documents\Mods\MC-Kraftmined-Ultimate\Kombat\build\resources\main]}]
[30Oct2024 19:48:33.704] [main/DEBUG] [net.neoforged.fml.util.ServiceLoaderUtil/CORE]: Found 4 implementations of IModFileCandidateLocator:
[30Oct2024 19:48:33.706] [main/DEBUG] [net.neoforged.fml.util.ServiceLoaderUtil/CORE]: 	       0 - [built-in] net.neoforged.fml.loading.moddiscovery.locators.NeoForgeDevProvider from loader-4.0.24.jar
[30Oct2024 19:48:33.707] [main/DEBUG] [net.neoforged.fml.util.ServiceLoaderUtil/CORE]: 	       0 - net.neoforged.fml.loading.moddiscovery.locators.ModsFolderLocator from loader-4.0.24.jar
[30Oct2024 19:48:33.708] [main/DEBUG] [net.neoforged.fml.util.ServiceLoaderUtil/CORE]: 	       0 - net.neoforged.fml.loading.moddiscovery.locators.MavenDirectoryLocator from loader-4.0.24.jar
[30Oct2024 19:48:33.709] [main/DEBUG] [net.neoforged.fml.util.ServiceLoaderUtil/CORE]: 	   -1000 - [built-in] net.neoforged.fml.loading.moddiscovery.locators.UserdevLocator from loader-4.0.24.jar
[30Oct2024 19:48:33.713] [main/DEBUG] [net.neoforged.fml.util.ServiceLoaderUtil/CORE]: Found 2 implementations of IModFileReader:
[30Oct2024 19:48:33.714] [main/DEBUG] [net.neoforged.fml.util.ServiceLoaderUtil/CORE]: 	       0 - net.neoforged.fml.loading.moddiscovery.readers.JarModsDotTomlModFileReader from loader-4.0.24.jar
[30Oct2024 19:48:33.715] [main/DEBUG] [net.neoforged.fml.util.ServiceLoaderUtil/CORE]: 	   -1000 - net.neoforged.fml.loading.moddiscovery.readers.NestedLibraryModReader from loader-4.0.24.jar
[30Oct2024 19:48:33.720] [main/DEBUG] [net.neoforged.fml.util.ServiceLoaderUtil/CORE]: Found 1 implementations of IDependencyLocator:
[30Oct2024 19:48:33.722] [main/DEBUG] [net.neoforged.fml.util.ServiceLoaderUtil/CORE]: 	       0 - net.neoforged.fml.loading.moddiscovery.locators.JarInJarDependencyLocator from loader-4.0.24.jar
[30Oct2024 19:48:33.834] [main/DEBUG] [net.neoforged.fml.loading.moddiscovery.ModFileInfo/LOADING]: Found valid mod file neoforge-21.1.65-minecraft.jar with {minecraft} mods - versions {1.21.1}
[30Oct2024 19:48:33.854] [main/DEBUG] [net.neoforged.fml.loading.moddiscovery.ModFileParser/LOADING]: Considering mod file candidate D:\Files\Da Documents\Mods\MC-Kraftmined-Ultimate\Kombat\build\moddev\artifacts\neoforge-21.1.65-minecraft.jar
[30Oct2024 19:48:33.868] [pool-2-thread-1/INFO] [EARLYDISPLAY/]: GL info: NVIDIA GeForce RTX 3050 Ti Laptop GPU/PCIe/SSE2 GL version 4.6.0 NVIDIA 552.12, NVIDIA Corporation
[30Oct2024 19:48:33.880] [main/DEBUG] [net.neoforged.fml.loading.moddiscovery.ModFileInfo/LOADING]: Found valid mod file neoforge-21.1.65-minecraft.jar with {neoforge} mods - versions {21.1.65}
[30Oct2024 19:48:33.897] [main/DEBUG] [net.neoforged.fml.loading.moddiscovery.ModListHandler/CORE]: Found mod coordinates from lists: []
[30Oct2024 19:48:33.908] [main/DEBUG] [net.neoforged.fml.loading.moddiscovery.ModFileParser/LOADING]: Considering mod file candidate D:\Files\Da Documents\Mods\MC-Kraftmined-Ultimate\Kombat\build\classes\java\main
[30Oct2024 19:48:33.922] [main/DEBUG] [net.neoforged.fml.loading.moddiscovery.ModFileInfo/LOADING]: Found valid mod file main with {kraftmined} mods - versions {1.0.0}
[30Oct2024 19:48:33.947] [main/DEBUG] [net.neoforged.fml.loading.moddiscovery.ModFileParser/LOADING]: Considering mod file candidate D:\Files\Da Documents\Mods\MC-Kraftmined-Ultimate\Kombat\build\moddev\artifacts\neoforge-21.1.65-minecraft.jar
[30Oct2024 19:48:33.956] [main/DEBUG] [net.neoforged.fml.loading.moddiscovery.ModFileInfo/LOADING]: Found valid mod file neoforge-21.1.65-minecraft.jar with {neoforge} mods - versions {21.1.65}
[30Oct2024 19:48:34.027] [main/DEBUG] [net.neoforged.fml.loading.moddiscovery.ModDiscoverer/]: Skipping C:\Users\Karl\.mcreator\gradle\caches\modules-2\files-2.1\net.neoforged.fancymodloader\earlydisplay\4.0.24\c1f79ceaefcb4c79dea89e969563718a2d5157f\earlydisplay-4.0.24.jar because it was already located earlier
[30Oct2024 19:48:34.028] [main/DEBUG] [net.neoforged.fml.loading.moddiscovery.ModDiscoverer/]: Skipping C:\Users\Karl\.mcreator\gradle\caches\modules-2\files-2.1\net.neoforged.fancymodloader\loader\4.0.24\8211b356d57387a287aa3fb1d425fdd34db6d638\loader-4.0.24.jar because it was already located earlier
[30Oct2024 19:48:34.028] [main/DEBUG] [net.neoforged.fml.loading.moddiscovery.ModDiscoverer/]: Skipping C:\Users\Karl\.mcreator\gradle\caches\modules-2\files-2.1\net.neoforged\coremods\7.0.3\9147e6f638b4272b3bd5fc8f92ad37802512c6c\coremods-7.0.3.jar because it was already located earlier
[30Oct2024 19:48:34.028] [main/DEBUG] [net.neoforged.fml.loading.moddiscovery.ModDiscoverer/]: Skipping C:\Users\Karl\.mcreator\gradle\caches\modules-2\files-2.1\cpw.mods\modlauncher\11.0.4\6619d4812a3c092310d521ebc4c9503727563df7\modlauncher-11.0.4.jar because it was already located earlier
[30Oct2024 19:48:34.029] [main/DEBUG] [net.neoforged.fml.loading.moddiscovery.ModDiscoverer/]: Skipping C:\Users\Karl\.mcreator\gradle\caches\modules-2\files-2.1\net.neoforged.accesstransformers\at-modlauncher\10.0.1\5aba50202aceead086bc09fbc2751c9f05cb4890\at-modlauncher-10.0.1.jar because it was already located earlier
[30Oct2024 19:48:34.029] [main/DEBUG] [net.neoforged.fml.loading.moddiscovery.ModDiscoverer/]: Skipping C:\Users\Karl\.mcreator\gradle\caches\modules-2\files-2.1\net.neoforged\accesstransformers\10.0.1\fd83b5725f76eae9115e9355fa1c456a6a441400\accesstransformers-10.0.1.jar because it was already located earlier
[30Oct2024 19:48:34.029] [main/DEBUG] [net.neoforged.fml.loading.moddiscovery.ModDiscoverer/]: Skipping C:\Users\Karl\.mcreator\gradle\caches\modules-2\files-2.1\org.openjdk.nashorn\nashorn-core\15.4\f67f5ffaa5f5130cf6fb9b133da00c7df3b532a5\nashorn-core-15.4.jar because it was already located earlier
[30Oct2024 19:48:34.030] [main/DEBUG] [net.neoforged.fml.loading.moddiscovery.ModDiscoverer/]: Skipping C:\Users\Karl\.mcreator\gradle\caches\modules-2\files-2.1\net.neoforged\mergetool\2.0.3\1275202cbbb248f49345cf6787ce299afd9a02fb\mergetool-2.0.3-api.jar because it was already located earlier
[30Oct2024 19:48:34.030] [main/DEBUG] [net.neoforged.fml.loading.moddiscovery.ModDiscoverer/]: Skipping C:\Users\Karl\.mcreator\gradle\caches\modules-2\files-2.1\net.neoforged\bus\8.0.2\163c9ef7c4bcca6d850c34e95261b606af91fe06\bus-8.0.2.jar because it was already located earlier
[30Oct2024 19:48:34.031] [main/DEBUG] [net.neoforged.fml.loading.moddiscovery.ModDiscoverer/]: Skipping C:\Users\Karl\.mcreator\gradle\caches\modules-2\files-2.1\com.electronwill.night-config\toml\3.8.0\861dbcf2757dd6701c98b3949198549ccb5f62ff\toml-3.8.0.jar because it was already located earlier
[30Oct2024 19:48:34.031] [main/DEBUG] [net.neoforged.fml.loading.moddiscovery.ModDiscoverer/]: Skipping C:\Users\Karl\.mcreator\gradle\caches\modules-2\files-2.1\com.electronwill.night-config\core\3.8.0\2498dd2b3120dd49e963e2feab8fa5d0c5f80e0a\core-3.8.0.jar because it was already located earlier
[30Oct2024 19:48:34.031] [main/DEBUG] [net.neoforged.fml.loading.moddiscovery.ModDiscoverer/]: Skipping C:\Users\Karl\.mcreator\gradle\caches\modules-2\files-2.1\net.neoforged\JarJarSelector\0.4.1\fb3cc7a58af22ad2880adb98af6d518128c47dae\JarJarSelector-0.4.1.jar because it was already located earlier
[30Oct2024 19:48:34.032] [main/DEBUG] [net.neoforged.fml.loading.moddiscovery.ModDiscoverer/]: Skipping C:\Users\Karl\.mcreator\gradle\caches\modules-2\files-2.1\net.neoforged\JarJarMetadata\0.4.1\f8da03683dc81694556dc3e177c5e3bb77ae6fcb\JarJarMetadata-0.4.1.jar because it was already located earlier
[30Oct2024 19:48:34.032] [main/DEBUG] [net.neoforged.fml.loading.moddiscovery.ModDiscoverer/]: Skipping C:\Users\Karl\.mcreator\gradle\caches\modules-2\files-2.1\org.apache.maven\maven-artifact\3.8.5\4433f50c07debefaed0553bd0068f4f48d449313\maven-artifact-3.8.5.jar because it was already located earlier
[30Oct2024 19:48:34.033] [main/DEBUG] [net.neoforged.fml.loading.moddiscovery.ModDiscoverer/]: Skipping C:\Users\Karl\.mcreator\gradle\caches\modules-2\files-2.1\net.jodah\typetools\0.6.3\a01aaa6ddaea9ec07ec4f209487b7a46a526283a\typetools-0.6.3.jar because it was already located earlier
[30Oct2024 19:48:34.033] [main/DEBUG] [net.neoforged.fml.loading.moddiscovery.ModDiscoverer/]: Skipping C:\Users\Karl\.mcreator\gradle\caches\modules-2\files-2.1\net.minecrell\terminalconsoleappender\1.3.0\b562e9bb61235c9520e26282cdee71f8f802d1fc\terminalconsoleappender-1.3.0.jar because it was already located earlier
[30Oct2024 19:48:34.033] [main/DEBUG] [net.neoforged.fml.loading.moddiscovery.ModDiscoverer/]: Skipping C:\Users\Karl\.mcreator\gradle\caches\modules-2\files-2.1\net.fabricmc\sponge-mixin\0.15.2+mixin.0.8.7\2af2f021d8e02a0220dc27a7a72b4666d66d44ca\sponge-mixin-0.15.2+mixin.0.8.7.jar because it was already located earlier
[30Oct2024 19:48:34.033] [main/DEBUG] [net.neoforged.fml.loading.moddiscovery.ModDiscoverer/]: Skipping C:\Users\Karl\.mcreator\gradle\caches\modules-2\files-2.1\org.apache.commons\commons-lang3\3.14.0\1ed471194b02f2c6cb734a0cd6f6f107c673afae\commons-lang3-3.14.0.jar because it was already located earlier
[30Oct2024 19:48:34.034] [main/DEBUG] [net.neoforged.fml.loading.moddiscovery.ModDiscoverer/]: Skipping C:\Users\Karl\.mcreator\gradle\caches\modules-2\files-2.1\com.mojang\logging\1.2.7\24cb95ffb0e3433fd6e844c04e68009e504ca1c0\logging-1.2.7.jar because it was already located earlier
[30Oct2024 19:48:34.034] [main/DEBUG] [net.neoforged.fml.loading.moddiscovery.ModDiscoverer/]: Skipping C:\Users\Karl\.mcreator\gradle\caches\modules-2\files-2.1\org.apache.logging.log4j\log4j-slf4j2-impl\2.22.1\d7e6693c2606cb7e7335047d7bb96dec52db5665\log4j-slf4j2-impl-2.22.1.jar because it was already located earlier
[30Oct2024 19:48:34.034] [main/DEBUG] [net.neoforged.fml.loading.moddiscovery.ModDiscoverer/]: Skipping C:\Users\Karl\.mcreator\gradle\caches\modules-2\files-2.1\org.apache.logging.log4j\log4j-core\2.22.1\7183a25510a02ad00cc6a95d3b3d2a7d3c5a8dc4\log4j-core-2.22.1.jar because it was already located earlier
[30Oct2024 19:48:34.034] [main/DEBUG] [net.neoforged.fml.loading.moddiscovery.ModDiscoverer/]: Skipping C:\Users\Karl\.mcreator\gradle\caches\modules-2\files-2.1\org.apache.logging.log4j\log4j-api\2.22.1\bea6fede6328fabafd7e68363161a7ea6605abd1\log4j-api-2.22.1.jar because it was already located earlier
[30Oct2024 19:48:34.035] [main/DEBUG] [net.neoforged.fml.loading.moddiscovery.ModDiscoverer/]: Skipping C:\Users\Karl\.mcreator\gradle\caches\modules-2\files-2.1\net.sf.jopt-simple\jopt-simple\5.0.4\4fdac2fbe92dfad86aa6e9301736f6b4342a3f5c\jopt-simple-5.0.4.jar because it was already located earlier
[30Oct2024 19:48:34.036] [main/DEBUG] [net.neoforged.fml.loading.moddiscovery.ModDiscoverer/]: Skipping C:\Users\Karl\.mcreator\gradle\caches\modules-2\files-2.1\commons-io\commons-io\2.15.1\f11560da189ab563a5c8e351941415430e9304ea\commons-io-2.15.1.jar because it was already located earlier
[30Oct2024 19:48:34.036] [main/DEBUG] [net.neoforged.fml.loading.moddiscovery.ModDiscoverer/]: Skipping C:\Users\Karl\.mcreator\gradle\caches\modules-2\files-2.1\com.google.guava\guava\32.1.2-jre\5e64ec7e056456bef3a4bc4c6fdaef71e8ab6318\guava-32.1.2-jre.jar because it was already located earlier
[30Oct2024 19:48:34.036] [main/DEBUG] [net.neoforged.fml.loading.moddiscovery.ModDiscoverer/]: Skipping C:\Users\Karl\.mcreator\gradle\caches\modules-2\files-2.1\com.google.code.gson\gson\2.10.1\b3add478d4382b78ea20b1671390a858002feb6c\gson-2.10.1.jar because it was already located earlier
[30Oct2024 19:48:34.036] [main/DEBUG] [net.neoforged.fml.loading.moddiscovery.ModDiscoverer/]: Skipping C:\Users\Karl\.mcreator\gradle\caches\modules-2\files-2.1\org.slf4j\slf4j-api\2.0.9\7cf2726fdcfbc8610f9a71fb3ed639871f315340\slf4j-api-2.0.9.jar because it was already located earlier
[30Oct2024 19:48:34.037] [main/DEBUG] [net.neoforged.fml.loading.moddiscovery.ModDiscoverer/]: Skipping C:\Users\Karl\.mcreator\gradle\caches\modules-2\files-2.1\org.antlr\antlr4-runtime\4.13.1\17125bae1d965624e265ef49552f6465a2bfa307\antlr4-runtime-4.13.1.jar because it was already located earlier
[30Oct2024 19:48:34.037] [main/DEBUG] [net.neoforged.fml.loading.moddiscovery.ModDiscoverer/]: Skipping C:\Users\Karl\.mcreator\gradle\caches\modules-2\files-2.1\net.minecraftforge\srgutils\0.4.15\ca408b131759478f164e010fae0d73997e125fb5\srgutils-0.4.15.jar because it was already located earlier
[30Oct2024 19:48:34.038] [main/DEBUG] [net.neoforged.fml.loading.moddiscovery.ModDiscoverer/]: Skipping C:\Users\Karl\.mcreator\gradle\caches\modules-2\files-2.1\org.codehaus.plexus\plexus-utils\3.3.0\cf43b5391de623b36fe066a21127baef82c64022\plexus-utils-3.3.0.jar because it was already located earlier
[30Oct2024 19:48:34.038] [main/DEBUG] [net.neoforged.fml.loading.moddiscovery.ModDiscoverer/]: Skipping C:\Users\Karl\.mcreator\gradle\caches\modules-2\files-2.1\org.jline\jline-reader\3.20.0\8f15415b022a25b473e8e16c28ae913186ffb9c4\jline-reader-3.20.0.jar because it was already located earlier
[30Oct2024 19:48:34.038] [main/DEBUG] [net.neoforged.fml.loading.moddiscovery.ModDiscoverer/]: Skipping C:\Users\Karl\.mcreator\gradle\caches\modules-2\files-2.1\com.machinezoo.noexception\noexception\1.7.1\b65330c98e38a1f915fa54a6e5eca496505e3f0a\noexception-1.7.1.jar because it was already located earlier
[30Oct2024 19:48:34.039] [main/DEBUG] [net.neoforged.fml.loading.moddiscovery.ModDiscoverer/]: Skipping C:\Users\Karl\.mcreator\gradle\caches\modules-2\files-2.1\com.github.oshi\oshi-core\6.4.10\b1d8ab82d11d92fd639b56d639f8f46f739dd5fa\oshi-core-6.4.10.jar because it was already located earlier
[30Oct2024 19:48:34.039] [main/DEBUG] [net.neoforged.fml.loading.moddiscovery.ModDiscoverer/]: Skipping C:\Users\Karl\.mcreator\gradle\caches\modules-2\files-2.1\com.google.guava\failureaccess\1.0.1\1dcf1de382a0bf95a3d8b0849546c88bac1292c9\failureaccess-1.0.1.jar because it was already located earlier
[30Oct2024 19:48:34.039] [main/DEBUG] [net.neoforged.fml.loading.moddiscovery.ModDiscoverer/]: Skipping C:\Users\Karl\.mcreator\gradle\caches\modules-2\files-2.1\com.ibm.icu\icu4j\73.2\61ad4ef7f9131fcf6d25c34b817f90d6da06c9e9\icu4j-73.2.jar because it was already located earlier
[30Oct2024 19:48:34.040] [main/DEBUG] [net.neoforged.fml.loading.moddiscovery.ModDiscoverer/]: Skipping C:\Users\Karl\.mcreator\gradle\caches\modules-2\files-2.1\com.mojang\authlib\6.0.54\de8bc95660e1b2fe8793fd427a7a10dcec5b3ea7\authlib-6.0.54.jar because it was already located earlier
[30Oct2024 19:48:34.041] [main/DEBUG] [net.neoforged.fml.loading.moddiscovery.ModDiscoverer/]: Skipping C:\Users\Karl\.mcreator\gradle\caches\modules-2\files-2.1\com.mojang\blocklist\1.0.10\5c685c5ffa94c4cd39496c7184c1d122e515ecef\blocklist-1.0.10.jar because it was already located earlier
[30Oct2024 19:48:34.041] [main/DEBUG] [net.neoforged.fml.loading.moddiscovery.ModDiscoverer/]: Skipping C:\Users\Karl\.mcreator\gradle\caches\modules-2\files-2.1\com.mojang\brigadier\1.3.10\d15b53a14cf20fdcaa98f731af5dda654452c010\brigadier-1.3.10.jar because it was already located earlier
[30Oct2024 19:48:34.042] [main/DEBUG] [net.neoforged.fml.loading.moddiscovery.ModDiscoverer/]: Skipping C:\Users\Karl\.mcreator\gradle\caches\modules-2\files-2.1\com.mojang\datafixerupper\8.0.16\67d4de6d7f95d89bcf5862995fb854ebaec02a34\datafixerupper-8.0.16.jar because it was already located earlier
[30Oct2024 19:48:34.042] [main/DEBUG] [net.neoforged.fml.loading.moddiscovery.ModDiscoverer/]: Skipping C:\Users\Karl\.mcreator\gradle\caches\modules-2\files-2.1\com.mojang\patchy\2.2.10\da05971b07cbb379d002cf7eaec6a2048211fefc\patchy-2.2.10.jar because it was already located earlier
[30Oct2024 19:48:34.042] [main/DEBUG] [net.neoforged.fml.loading.moddiscovery.ModDiscoverer/]: Skipping C:\Users\Karl\.mcreator\gradle\caches\modules-2\files-2.1\com.mojang\text2speech\1.17.9\3cad216e3a7f0c19b4b394388bc9ffc446f13b14\text2speech-1.17.9.jar because it was already located earlier
[30Oct2024 19:48:34.042] [main/DEBUG] [net.neoforged.fml.loading.moddiscovery.ModDiscoverer/]: Skipping C:\Users\Karl\.mcreator\gradle\caches\modules-2\files-2.1\commons-codec\commons-codec\1.16.0\4e3eb3d79888d76b54e28b350915b5dc3919c9de\commons-codec-1.16.0.jar because it was already located earlier
[30Oct2024 19:48:34.043] [main/DEBUG] [net.neoforged.fml.loading.moddiscovery.ModDiscoverer/]: Skipping C:\Users\Karl\.mcreator\gradle\caches\modules-2\files-2.1\commons-logging\commons-logging\1.2\4bfc12adfe4842bf07b657f0369c4cb522955686\commons-logging-1.2.jar because it was already located earlier
[30Oct2024 19:48:34.043] [main/DEBUG] [net.neoforged.fml.loading.moddiscovery.ModDiscoverer/]: Skipping C:\Users\Karl\.mcreator\gradle\caches\modules-2\files-2.1\io.netty\netty-buffer\4.1.97.Final\f8f3d8644afa5e6e1a40a3a6aeb9d9aa970ecb4f\netty-buffer-4.1.97.Final.jar because it was already located earlier
[30Oct2024 19:48:34.043] [main/DEBUG] [net.neoforged.fml.loading.moddiscovery.ModDiscoverer/]: Skipping C:\Users\Karl\.mcreator\gradle\caches\modules-2\files-2.1\io.netty\netty-codec\4.1.97.Final\384ba4d75670befbedb45c4d3b497a93639c206d\netty-codec-4.1.97.Final.jar because it was already located earlier
[30Oct2024 19:48:34.044] [main/DEBUG] [net.neoforged.fml.loading.moddiscovery.ModDiscoverer/]: Skipping C:\Users\Karl\.mcreator\gradle\caches\modules-2\files-2.1\io.netty\netty-common\4.1.97.Final\7cceacaf11df8dc63f23d0fb58e9d4640fc88404\netty-common-4.1.97.Final.jar because it was already located earlier
[30Oct2024 19:48:34.044] [main/DEBUG] [net.neoforged.fml.loading.moddiscovery.ModDiscoverer/]: Skipping C:\Users\Karl\.mcreator\gradle\caches\modules-2\files-2.1\io.netty\netty-handler\4.1.97.Final\abb86c6906bf512bf2b797a41cd7d2e8d3cd7c36\netty-handler-4.1.97.Final.jar because it was already located earlier
[30Oct2024 19:48:34.044] [main/DEBUG] [net.neoforged.fml.loading.moddiscovery.ModDiscoverer/]: Skipping C:\Users\Karl\.mcreator\gradle\caches\modules-2\files-2.1\io.netty\netty-resolver\4.1.97.Final\cec8348108dc76c47cf87c669d514be52c922144\netty-resolver-4.1.97.Final.jar because it was already located earlier
[30Oct2024 19:48:34.044] [main/DEBUG] [net.neoforged.fml.loading.moddiscovery.ModDiscoverer/]: Skipping C:\Users\Karl\.mcreator\gradle\caches\modules-2\files-2.1\io.netty\netty-transport-classes-epoll\4.1.97.Final\795da37ded759e862457a82d9d92c4d39ce8ecee\netty-transport-classes-epoll-4.1.97.Final.jar because it was already located earlier
[30Oct2024 19:48:34.045] [main/DEBUG] [net.neoforged.fml.loading.moddiscovery.ModDiscoverer/]: Skipping C:\Users\Karl\.mcreator\gradle\caches\modules-2\files-2.1\io.netty\netty-transport-native-unix-common\4.1.97.Final\d469d84265ab70095b01b40886cabdd433b6e664\netty-transport-native-unix-common-4.1.97.Final.jar because it was already located earlier
[30Oct2024 19:48:34.046] [main/DEBUG] [net.neoforged.fml.loading.moddiscovery.ModDiscoverer/]: Skipping C:\Users\Karl\.mcreator\gradle\caches\modules-2\files-2.1\io.netty\netty-transport\4.1.97.Final\f37380d23c9bb079bc702910833b2fd532c9abd0\netty-transport-4.1.97.Final.jar because it was already located earlier
[30Oct2024 19:48:34.047] [main/DEBUG] [net.neoforged.fml.loading.moddiscovery.ModDiscoverer/]: Skipping C:\Users\Karl\.mcreator\gradle\caches\modules-2\files-2.1\it.unimi.dsi\fastutil\8.5.12\c24946d46824bd528054bface3231d2ecb7e95e8\fastutil-8.5.12.jar because it was already located earlier
[30Oct2024 19:48:34.049] [main/DEBUG] [net.neoforged.fml.loading.moddiscovery.ModDiscoverer/]: Skipping C:\Users\Karl\.mcreator\gradle\caches\modules-2\files-2.1\net.java.dev.jna\jna-platform\5.14.0\28934d48aed814f11e4c584da55c49fa7032b31b\jna-platform-5.14.0.jar because it was already located earlier
[30Oct2024 19:48:34.050] [main/DEBUG] [net.neoforged.fml.loading.moddiscovery.ModDiscoverer/]: Skipping C:\Users\Karl\.mcreator\gradle\caches\modules-2\files-2.1\net.java.dev.jna\jna\5.14.0\67bf3eaea4f0718cb376a181a629e5f88fa1c9dd\jna-5.14.0.jar because it was already located earlier
[30Oct2024 19:48:34.050] [main/DEBUG] [net.neoforged.fml.loading.moddiscovery.ModDiscoverer/]: Skipping C:\Users\Karl\.mcreator\gradle\caches\modules-2\files-2.1\org.apache.commons\commons-compress\1.26.0\659feffdd12280201c8aacb8f7be94f9a883c824\commons-compress-1.26.0.jar because it was already located earlier
[30Oct2024 19:48:34.050] [main/DEBUG] [net.neoforged.fml.loading.moddiscovery.ModDiscoverer/]: Skipping C:\Users\Karl\.mcreator\gradle\caches\modules-2\files-2.1\org.apache.httpcomponents\httpclient\4.5.13\e5f6cae5ca7ecaac1ec2827a9e2d65ae2869cada\httpclient-4.5.13.jar because it was already located earlier
[30Oct2024 19:48:34.051] [main/DEBUG] [net.neoforged.fml.loading.moddiscovery.ModDiscoverer/]: Skipping C:\Users\Karl\.mcreator\gradle\caches\modules-2\files-2.1\org.apache.httpcomponents\httpcore\4.4.16\51cf043c87253c9f58b539c9f7e44c8894223850\httpcore-4.4.16.jar because it was already located earlier
[30Oct2024 19:48:34.052] [main/DEBUG] [net.neoforged.fml.loading.moddiscovery.ModDiscoverer/]: Skipping C:\Users\Karl\.mcreator\gradle\caches\modules-2\files-2.1\org.jcraft\jorbis\0.0.17\8872d22b293e8f5d7d56ff92be966e6dc28ebdc6\jorbis-0.0.17.jar because it was already located earlier
[30Oct2024 19:48:34.052] [main/DEBUG] [net.neoforged.fml.loading.moddiscovery.ModDiscoverer/]: Skipping C:\Users\Karl\.mcreator\gradle\caches\modules-2\files-2.1\org.joml\joml\1.10.5\22566d58af70ad3d72308bab63b8339906deb649\joml-1.10.5.jar because it was already located earlier
[30Oct2024 19:48:34.053] [main/DEBUG] [net.neoforged.fml.loading.moddiscovery.ModDiscoverer/]: Skipping C:\Users\Karl\.mcreator\gradle\caches\modules-2\files-2.1\org.lwjgl\lwjgl-freetype\3.3.3\a0db6c84a8becc8ca05f9dbfa985edc348a824c7\lwjgl-freetype-3.3.3.jar because it was already located earlier
[30Oct2024 19:48:34.067] [main/DEBUG] [net.neoforged.fml.loading.moddiscovery.ModDiscoverer/]: Skipping C:\Users\Karl\.mcreator\gradle\caches\modules-2\files-2.1\org.lwjgl\lwjgl-freetype\3.3.3\15a8c1de7f51d07a92eae7ce1222557073a0c0c3\lwjgl-freetype-3.3.3-natives-windows-x86.jar because it was already located earlier
[30Oct2024 19:48:34.067] [main/DEBUG] [net.neoforged.fml.loading.moddiscovery.ModDiscoverer/]: Skipping C:\Users\Karl\.mcreator\gradle\caches\modules-2\files-2.1\org.lwjgl\lwjgl-glfw\3.3.3\efa1eb78c5ccd840e9f329717109b5e892d72f8e\lwjgl-glfw-3.3.3.jar because it was already located earlier
[30Oct2024 19:48:34.078] [main/DEBUG] [net.neoforged.fml.loading.moddiscovery.ModDiscoverer/]: Skipping C:\Users\Karl\.mcreator\gradle\caches\modules-2\files-2.1\org.lwjgl\lwjgl-glfw\3.3.3\32334f3fd5270a59bad9939a93115acb6de36dcf\lwjgl-glfw-3.3.3-natives-windows-x86.jar because it was already located earlier
[30Oct2024 19:48:34.079] [main/DEBUG] [net.neoforged.fml.loading.moddiscovery.ModDiscoverer/]: Skipping C:\Users\Karl\.mcreator\gradle\caches\modules-2\files-2.1\org.lwjgl\lwjgl-jemalloc\3.3.3\b543467b7ff3c6920539a88ee602d34098628be5\lwjgl-jemalloc-3.3.3.jar because it was already located earlier
[30Oct2024 19:48:34.080] [main/DEBUG] [net.neoforged.fml.loading.moddiscovery.ModDiscoverer/]: Skipping C:\Users\Karl\.mcreator\gradle\caches\modules-2\files-2.1\org.lwjgl\lwjgl-jemalloc\3.3.3\426222fc027602a5f21b9c0fe79cde6a4c7a011f\lwjgl-jemalloc-3.3.3-natives-windows.jar because it was already located earlier
[30Oct2024 19:48:34.091] [main/DEBUG] [net.neoforged.fml.loading.moddiscovery.ModDiscoverer/]: Skipping C:\Users\Karl\.mcreator\gradle\caches\modules-2\files-2.1\org.lwjgl\lwjgl-openal\3.3.3\daada81ceb5fc0c291fbfdd4433cb8d9423577f2\lwjgl-openal-3.3.3.jar because it was already located earlier
[30Oct2024 19:48:34.104] [main/DEBUG] [net.neoforged.fml.loading.moddiscovery.ModDiscoverer/]: Skipping C:\Users\Karl\.mcreator\gradle\caches\modules-2\files-2.1\org.lwjgl\lwjgl-openal\3.3.3\87b8d5050e3adb46bb58fe1cb2669a4a48fce10d\lwjgl-openal-3.3.3-natives-windows-x86.jar because it was already located earlier
[30Oct2024 19:48:34.104] [main/DEBUG] [net.neoforged.fml.loading.moddiscovery.ModDiscoverer/]: Skipping C:\Users\Karl\.mcreator\gradle\caches\modules-2\files-2.1\org.lwjgl\lwjgl-opengl\3.3.3\2f6b0147078396a58979125a4c947664e98293a\lwjgl-opengl-3.3.3.jar because it was already located earlier
[30Oct2024 19:48:34.112] [main/DEBUG] [net.neoforged.fml.loading.moddiscovery.ModDiscoverer/]: Skipping C:\Users\Karl\.mcreator\gradle\caches\modules-2\files-2.1\org.lwjgl\lwjgl-opengl\3.3.3\65e956d3735a1abdc82eff4baec1b61174697d4b\lwjgl-opengl-3.3.3-natives-windows-arm64.jar because it was already located earlier
[30Oct2024 19:48:34.120] [main/DEBUG] [net.neoforged.fml.loading.moddiscovery.ModDiscoverer/]: Skipping C:\Users\Karl\.mcreator\gradle\caches\modules-2\files-2.1\org.lwjgl\lwjgl-stb\3.3.3\25dd6161988d7e65f71d5065c99902402ee32746\lwjgl-stb-3.3.3.jar because it was already located earlier
[30Oct2024 19:48:34.122] [main/DEBUG] [net.neoforged.fml.loading.moddiscovery.ModDiscoverer/]: Skipping C:\Users\Karl\.mcreator\gradle\caches\modules-2\files-2.1\org.lwjgl\lwjgl-stb\3.3.3\1d9facdf6541de114b0f963be33505b7679c78cb\lwjgl-stb-3.3.3-natives-windows.jar because it was already located earlier
[30Oct2024 19:48:34.139] [main/DEBUG] [net.neoforged.fml.loading.moddiscovery.ModDiscoverer/]: Skipping C:\Users\Karl\.mcreator\gradle\caches\modules-2\files-2.1\org.lwjgl\lwjgl-tinyfd\3.3.3\82d755ca94b102e9ca77283b9e2dc46d1b15fbe5\lwjgl-tinyfd-3.3.3.jar because it was already located earlier
[30Oct2024 19:48:34.140] [main/DEBUG] [net.neoforged.fml.loading.moddiscovery.ModDiscoverer/]: Skipping C:\Users\Karl\.mcreator\gradle\caches\modules-2\files-2.1\org.lwjgl\lwjgl-tinyfd\3.3.3\a6697981b0449a5087c1d546fc08b4f73e8f98c9\lwjgl-tinyfd-3.3.3-natives-windows.jar because it was already located earlier
[30Oct2024 19:48:34.159] [main/DEBUG] [net.neoforged.fml.loading.moddiscovery.ModDiscoverer/]: Skipping C:\Users\Karl\.mcreator\gradle\caches\modules-2\files-2.1\org.lwjgl\lwjgl\3.3.3\29589b5f87ed335a6c7e7ee6a5775f81f97ecb84\lwjgl-3.3.3.jar because it was already located earlier
[30Oct2024 19:48:34.175] [main/DEBUG] [net.neoforged.fml.loading.moddiscovery.ModDiscoverer/]: Skipping C:\Users\Karl\.mcreator\gradle\caches\modules-2\files-2.1\org.lwjgl\lwjgl\3.3.3\9e670718e050aeaeea0c2d5b907cffb142f2e58f\lwjgl-3.3.3-natives-windows-x86.jar because it was already located earlier
[30Oct2024 19:48:34.176] [main/DEBUG] [net.neoforged.fml.loading.moddiscovery.ModDiscoverer/]: Skipping C:\Users\Karl\.mcreator\gradle\caches\modules-2\files-2.1\org.lz4\lz4-java\1.8.0\4b986a99445e49ea5fbf5d149c4b63f6ed6c6780\lz4-java-1.8.0.jar because it was already located earlier
[30Oct2024 19:48:34.176] [main/DEBUG] [net.neoforged.fml.loading.moddiscovery.ModDiscoverer/]: Skipping C:\Users\Karl\.mcreator\gradle\caches\modules-2\files-2.1\org.jline\jline-terminal\3.20.0\d0ddcc708ddf527a3454c941b7b9225cc83a15ff\jline-terminal-3.20.0.jar because it was already located earlier
[30Oct2024 19:48:34.176] [main/DEBUG] [net.neoforged.fml.loading.moddiscovery.ModDiscoverer/]: Skipping C:\Users\Karl\.mcreator\gradle\caches\modules-2\files-2.1\com.google.guava\listenablefuture\9999.0-empty-to-avoid-conflict-with-guava\b421526c5f297295adef1c886e5246c39d4ac629\listenablefuture-9999.0-empty-to-avoid-conflict-with-guava.jar because it was already located earlier
[30Oct2024 19:48:34.177] [main/DEBUG] [net.neoforged.fml.loading.moddiscovery.ModDiscoverer/]: Skipping C:\Users\Karl\.mcreator\gradle\caches\modules-2\files-2.1\com.google.code.findbugs\jsr305\3.0.2\25ea2e8b0c338a877313bd4672d3fe056ea78f0d\jsr305-3.0.2.jar because it was already located earlier
[30Oct2024 19:48:34.177] [main/DEBUG] [net.neoforged.fml.loading.moddiscovery.ModDiscoverer/]: Skipping C:\Users\Karl\.mcreator\gradle\caches\modules-2\files-2.1\org.checkerframework\checker-qual\3.33.0\de2b60b62da487644fc11f734e73c8b0b431238f\checker-qual-3.33.0.jar because it was already located earlier
[30Oct2024 19:48:34.178] [main/DEBUG] [net.neoforged.fml.loading.moddiscovery.ModDiscoverer/]: Skipping C:\Users\Karl\.mcreator\gradle\caches\modules-2\files-2.1\com.google.errorprone\error_prone_annotations\2.18.0\89b684257096f548fa39a7df9fdaa409d4d4df91\error_prone_annotations-2.18.0.jar because it was already located earlier
[30Oct2024 19:48:34.179] [main/DEBUG] [net.neoforged.fml.loading.moddiscovery.ModDiscoverer/]: Skipping C:\Users\Karl\.mcreator\gradle\caches\modules-2\files-2.1\com.google.j2objc\j2objc-annotations\2.8\c85270e307e7b822f1086b93689124b89768e273\j2objc-annotations-2.8.jar because it was already located earlier
[30Oct2024 19:48:34.184] [main/DEBUG] [net.neoforged.fml.loading.UniqueModListBuilder/]: Found 2 mods for first modid neoforge, selecting most recent based on version data
[30Oct2024 19:48:34.186] [main/DEBUG] [net.neoforged.fml.loading.UniqueModListBuilder/]: Selected file neoforge-21.1.65-minecraft.jar for modid neoforge with version 21.1.65
[30Oct2024 19:48:34.479] [main/INFO] [net.neoforged.fml.loading.moddiscovery.locators.JarInJarDependencyLocator/]: Found 2 dependencies adding them to mods collection
[30Oct2024 19:48:34.483] [main/DEBUG] [net.neoforged.fml.loading.moddiscovery.ModFileInfo/LOADING]: Found valid mod file neoforge-21.1.65-minecraft.jar with {minecraft} mods - versions {1.21.1}
[30Oct2024 19:48:34.489] [main/DEBUG] [net.neoforged.fml.loading.moddiscovery.ModFile/LOADING]: Loading mod file D:\Files\Da Documents\Mods\MC-Kraftmined-Ultimate\Kombat\build\moddev\artifacts\neoforge-21.1.65-minecraft.jar with languages [LanguageSpec[languageName=minecraft, acceptedVersions=1]]
[30Oct2024 19:48:34.492] [main/DEBUG] [net.neoforged.fml.loading.moddiscovery.ModFileParser/LOADING]: Considering mod file candidate D:\Files\Da Documents\Mods\MC-Kraftmined-Ultimate\Kombat\build\classes\java\main
[30Oct2024 19:48:34.496] [main/DEBUG] [net.neoforged.fml.loading.moddiscovery.ModFileInfo/LOADING]: Found valid mod file main with {kraftmined} mods - versions {1.0.0}
[30Oct2024 19:48:34.497] [main/DEBUG] [net.neoforged.fml.loading.moddiscovery.ModFile/LOADING]: Loading mod file D:\Files\Da Documents\Mods\MC-Kraftmined-Ultimate\Kombat\build\classes\java\main with languages [LanguageSpec[languageName=javafml, acceptedVersions=[4,)]]
[30Oct2024 19:48:34.498] [main/DEBUG] [net.neoforged.fml.loading.moddiscovery.ModFileParser/LOADING]: Considering mod file candidate D:\Files\Da Documents\Mods\MC-Kraftmined-Ultimate\Kombat\build\moddev\artifacts\neoforge-21.1.65-minecraft.jar
[30Oct2024 19:48:34.501] [main/DEBUG] [net.neoforged.fml.loading.moddiscovery.ModFileInfo/LOADING]: Found valid mod file neoforge-21.1.65-minecraft.jar with {neoforge} mods - versions {21.1.65}
[30Oct2024 19:48:34.502] [main/DEBUG] [net.neoforged.fml.loading.moddiscovery.ModFile/LOADING]: Loading mod file D:\Files\Da Documents\Mods\MC-Kraftmined-Ultimate\Kombat\build\moddev\artifacts\neoforge-21.1.65-minecraft.jar with languages [LanguageSpec[languageName=javafml, acceptedVersions=[3,]]]
[30Oct2024 19:48:34.503] [main/DEBUG] [net.neoforged.fml.loading.moddiscovery.ModFile/LOADING]: Found mixin config neoforge.mixins.json
[30Oct2024 19:48:34.504] [main/DEBUG] [net.neoforged.fml.loading.moddiscovery.ModFile/LOADING]: Loading mod file  with languages []
[30Oct2024 19:48:34.507] [main/DEBUG] [cpw.mods.modlauncher.TransformationServiceDecorator/MODLAUNCHER]: End scan trigger - transformation service fml
[30Oct2024 19:48:34.528] [main/DEBUG] [net.neoforged.fml.util.ServiceLoaderUtil/CORE]: Found 3 implementations of IModLanguageLoader:
[30Oct2024 19:48:34.530] [main/DEBUG] [net.neoforged.fml.util.ServiceLoaderUtil/CORE]: 	net.neoforged.fml.javafmlmod.FMLJavaModLanguageProvider from loader-4.0.24.jar
[30Oct2024 19:48:34.531] [main/DEBUG] [net.neoforged.fml.util.ServiceLoaderUtil/CORE]: 	net.neoforged.fml.lowcodemod.LowCodeModLanguageProvider from loader-4.0.24.jar
[30Oct2024 19:48:34.532] [main/DEBUG] [net.neoforged.fml.util.ServiceLoaderUtil/CORE]: 	net.neoforged.fml.mclanguageprovider.MinecraftModLanguageProvider from loader-4.0.24.jar
[30Oct2024 19:48:34.534] [main/DEBUG] [net.neoforged.fml.loading.LanguageProviderLoader/CORE]: Found language provider javafml, version 4.0.24
[30Oct2024 19:48:34.537] [main/DEBUG] [net.neoforged.fml.loading.LanguageProviderLoader/CORE]: Found language provider lowcodefml, version 4.0.24
[30Oct2024 19:48:34.538] [main/DEBUG] [net.neoforged.fml.loading.LanguageProviderLoader/CORE]: Found language provider minecraft, version 4.0.24
[30Oct2024 19:48:34.549] [main/DEBUG] [net.neoforged.fml.loading.ModSorter/]: Configured system mods: [minecraft, neoforge]
[30Oct2024 19:48:34.550] [main/DEBUG] [net.neoforged.fml.loading.ModSorter/]: Found system mod: minecraft
[30Oct2024 19:48:34.550] [main/DEBUG] [net.neoforged.fml.loading.ModSorter/]: Found system mod: neoforge
[30Oct2024 19:48:34.555] [main/DEBUG] [net.neoforged.fml.loading.ModSorter/LOADING]: Found 2 mod requirements (2 mandatory, 0 optional)
[30Oct2024 19:48:34.557] [main/DEBUG] [net.neoforged.fml.loading.ModSorter/LOADING]: Found 0 mod requirements missing (0 mandatory, 0 optional)
[30Oct2024 19:48:34.742] [main/DEBUG] [mixin/]: Adding mixin platform agents for container net.neoforged.fml.loading.mixin.FMLMixinContainerHandle@abff8b7
[30Oct2024 19:48:34.743] [main/DEBUG] [mixin/]: Instancing new MixinPlatformAgentMinecraftForge for net.neoforged.fml.loading.mixin.FMLMixinContainerHandle@abff8b7
[30Oct2024 19:48:34.744] [main/DEBUG] [mixin/]: MixinPlatformAgentMinecraftForge rejected container net.neoforged.fml.loading.mixin.FMLMixinContainerHandle@abff8b7
[30Oct2024 19:48:34.744] [main/DEBUG] [mixin/]: Instancing new MixinPlatformAgentDefault for net.neoforged.fml.loading.mixin.FMLMixinContainerHandle@abff8b7
[30Oct2024 19:48:34.744] [main/DEBUG] [mixin/]: MixinPlatformAgentDefault accepted container net.neoforged.fml.loading.mixin.FMLMixinContainerHandle@abff8b7
[30Oct2024 19:48:34.745] [main/DEBUG] [mixin/]: Instancing new FMLMixinPlatformAgent for net.neoforged.fml.loading.mixin.FMLMixinContainerHandle@abff8b7
[30Oct2024 19:48:34.745] [main/DEBUG] [mixin/]: FMLMixinPlatformAgent accepted container net.neoforged.fml.loading.mixin.FMLMixinContainerHandle@abff8b7
[30Oct2024 19:48:34.763] [main/DEBUG] [cpw.mods.modlauncher.TransformationServicesHandler/MODLAUNCHER]: Transformation services loading transformers
[30Oct2024 19:48:34.765] [main/DEBUG] [cpw.mods.modlauncher.TransformationServiceDecorator/MODLAUNCHER]: Initializing transformers for transformation service mixin
[30Oct2024 19:48:34.769] [main/DEBUG] [cpw.mods.modlauncher.TransformationServiceDecorator/MODLAUNCHER]: Initialized transformers for transformation service mixin
[30Oct2024 19:48:34.771] [main/DEBUG] [cpw.mods.modlauncher.TransformationServiceDecorator/MODLAUNCHER]: Initializing transformers for transformation service fml
[30Oct2024 19:48:34.772] [main/DEBUG] [net.neoforged.fml.loading.FMLServiceProvider/LOADING]: Loading coremod transformers
[30Oct2024 19:48:34.775] [main/DEBUG] [net.neoforged.fml.loading.FMLServiceProvider/CORE]: Not loading coremod script-engine since no mod requested it
[30Oct2024 19:48:34.778] [main/DEBUG] [net.neoforged.fml.util.ServiceLoaderUtil/CORE]: Found 1 implementations of ICoreMod:
[30Oct2024 19:48:34.780] [main/DEBUG] [net.neoforged.fml.util.ServiceLoaderUtil/CORE]: 	net.neoforged.neoforge.coremods.NeoForgeCoreMod from neoforge-21.1.65-minecraft.jar > neoforge-coremods-21.1.65.jar
[30Oct2024 19:48:34.803] [main/DEBUG] [net.neoforged.fml.loading.FMLServiceProvider/CORE]: Adding [Target[className=net.minecraft.world.level.biome.Biome, elementName=, elementDescriptor=, targetType=cpw.mods.modlauncher.api.TargetType@4985cbcb]] transformer from core-mod net.neoforged.neoforge.coremods.NeoForgeCoreMod@680a66dd in neoforge-21.1.65-minecraft.jar > neoforge-coremods-21.1.65.jar
[30Oct2024 19:48:34.804] [main/DEBUG] [net.neoforged.fml.loading.FMLServiceProvider/CORE]: Adding [Target[className=net.minecraft.world.level.levelgen.structure.Structure, elementName=, elementDescriptor=, targetType=cpw.mods.modlauncher.api.TargetType@4985cbcb]] transformer from core-mod net.neoforged.neoforge.coremods.NeoForgeCoreMod@680a66dd in neoforge-21.1.65-minecraft.jar > neoforge-coremods-21.1.65.jar
[30Oct2024 19:48:34.805] [main/DEBUG] [net.neoforged.fml.loading.FMLServiceProvider/CORE]: Adding [Target[className=net.minecraft.world.level.block.FlowerPotBlock, elementName=, elementDescriptor=, targetType=cpw.mods.modlauncher.api.TargetType@4985cbcb]] transformer from core-mod net.neoforged.neoforge.coremods.NeoForgeCoreMod@680a66dd in neoforge-21.1.65-minecraft.jar > neoforge-coremods-21.1.65.jar
[30Oct2024 19:48:34.807] [main/DEBUG] [net.neoforged.fml.loading.FMLServiceProvider/CORE]: Adding [Target[className=net/minecraft/server/commands/RaidCommand, elementName=, elementDescriptor=, targetType=cpw.mods.modlauncher.api.TargetType@4985cbcb], Target[className=net/minecraft/world/entity/monster/ZombieVillager, elementName=, elementDescriptor=, targetType=cpw.mods.modlauncher.api.TargetType@4985cbcb], Target[className=net/minecraft/world/level/levelgen/PatrolSpawner, elementName=, elementDescriptor=, targetType=cpw.mods.modlauncher.api.TargetType@4985cbcb], Target[className=net/minecraft/world/level/levelgen/structure/structures/SwampHutPiece, elementName=, elementDescriptor=, targetType=cpw.mods.modlauncher.api.TargetType@4985cbcb], Target[className=net/minecraft/world/entity/ai/village/VillageSiege, elementName=, elementDescriptor=, targetType=cpw.mods.modlauncher.api.TargetType@4985cbcb], Target[className=net/minecraft/world/entity/animal/horse/SkeletonTrapGoal, elementName=, elementDescriptor=, targetType=cpw.mods.modlauncher.api.TargetType@4985cbcb], Target[className=net/minecraft/world/level/levelgen/structure/templatesystem/StructureTemplate, elementName=, elementDescriptor=, targetType=cpw.mods.modlauncher.api.TargetType@4985cbcb], Target[className=net/minecraft/world/entity/monster/Evoker$EvokerSummonSpellGoal, elementName=, elementDescriptor=, targetType=cpw.mods.modlauncher.api.TargetType@4985cbcb], Target[className=net/minecraft/world/entity/EntityType, elementName=, elementDescriptor=, targetType=cpw.mods.modlauncher.api.TargetType@4985cbcb], Target[className=net/minecraft/world/entity/monster/Strider, elementName=, elementDescriptor=, targetType=cpw.mods.modlauncher.api.TargetType@4985cbcb], Target[className=net/minecraft/world/entity/npc/CatSpawner, elementName=, elementDescriptor=, targetType=cpw.mods.modlauncher.api.TargetType@4985cbcb], Target[className=net/minecraft/world/level/levelgen/PhantomSpawner, elementName=, elementDescriptor=, targetType=cpw.mods.modlauncher.api.TargetType@4985cbcb], Target[className=net/minecraft/server/commands/SummonCommand, elementName=, elementDescriptor=, targetType=cpw.mods.modlauncher.api.TargetType@4985cbcb], Target[className=net/minecraft/world/level/levelgen/structure/structures/WoodlandMansionPieces$WoodlandMansionPiece, elementName=, elementDescriptor=, targetType=cpw.mods.modlauncher.api.TargetType@4985cbcb], Target[className=net/minecraft/world/entity/npc/Villager, elementName=, elementDescriptor=, targetType=cpw.mods.modlauncher.api.TargetType@4985cbcb], Target[className=net/minecraft/world/entity/monster/Spider, elementName=, elementDescriptor=, targetType=cpw.mods.modlauncher.api.TargetType@4985cbcb], Target[className=net/minecraft/world/level/levelgen/structure/structures/OceanRuinPieces$OceanRuinPiece, elementName=, elementDescriptor=, targetType=cpw.mods.modlauncher.api.TargetType@4985cbcb], Target[className=net/minecraft/world/entity/monster/Zombie, elementName=, elementDescriptor=, targetType=cpw.mods.modlauncher.api.TargetType@4985cbcb], Target[className=net/minecraft/world/entity/raid/Raid, elementName=, elementDescriptor=, targetType=cpw.mods.modlauncher.api.TargetType@4985cbcb], Target[className=net/minecraft/world/level/NaturalSpawner, elementName=, elementDescriptor=, targetType=cpw.mods.modlauncher.api.TargetType@4985cbcb], Target[className=net/minecraft/world/entity/animal/frog/Tadpole, elementName=, elementDescriptor=, targetType=cpw.mods.modlauncher.api.TargetType@4985cbcb], Target[className=net/minecraft/world/level/levelgen/structure/structures/OceanMonumentPieces$OceanMonumentPiece, elementName=, elementDescriptor=, targetType=cpw.mods.modlauncher.api.TargetType@4985cbcb]] transformer from core-mod net.neoforged.neoforge.coremods.NeoForgeCoreMod@680a66dd in neoforge-21.1.65-minecraft.jar > neoforge-coremods-21.1.65.jar
[30Oct2024 19:48:34.853] [main/DEBUG] [cpw.mods.modlauncher.TransformStore/MODLAUNCHER]: Adding transformer net.neoforged.neoforge.coremods.ReplaceFieldWithGetterAccess@144ab54 to Target : cpw.mods.modlauncher.api.TargetType@4985cbcb {Lnet/minecraft/world/level/biome/Biome;} {} {V}
[30Oct2024 19:48:34.857] [main/DEBUG] [cpw.mods.modlauncher.TransformStore/MODLAUNCHER]: Adding transformer net.neoforged.neoforge.coremods.ReplaceFieldWithGetterAccess@2a066689 to Target : cpw.mods.modlauncher.api.TargetType@4985cbcb {Lnet/minecraft/world/level/levelgen/structure/Structure;} {} {V}
[30Oct2024 19:48:34.857] [main/DEBUG] [cpw.mods.modlauncher.TransformStore/MODLAUNCHER]: Adding transformer net.neoforged.neoforge.coremods.ReplaceFieldWithGetterAccess@3e3861d7 to Target : cpw.mods.modlauncher.api.TargetType@4985cbcb {Lnet/minecraft/world/level/block/FlowerPotBlock;} {} {V}
[30Oct2024 19:48:34.858] [main/DEBUG] [cpw.mods.modlauncher.TransformStore/MODLAUNCHER]: Adding transformer net.neoforged.neoforge.coremods.MethodRedirector@5e2a3040 to Target : cpw.mods.modlauncher.api.TargetType@4985cbcb {Lnet/minecraft/server/commands/RaidCommand;} {} {V}
[30Oct2024 19:48:34.858] [main/DEBUG] [cpw.mods.modlauncher.TransformStore/MODLAUNCHER]: Adding transformer net.neoforged.neoforge.coremods.MethodRedirector@5e2a3040 to Target : cpw.mods.modlauncher.api.TargetType@4985cbcb {Lnet/minecraft/world/entity/monster/ZombieVillager;} {} {V}
[30Oct2024 19:48:34.858] [main/DEBUG] [cpw.mods.modlauncher.TransformStore/MODLAUNCHER]: Adding transformer net.neoforged.neoforge.coremods.MethodRedirector@5e2a3040 to Target : cpw.mods.modlauncher.api.TargetType@4985cbcb {Lnet/minecraft/world/level/levelgen/PatrolSpawner;} {} {V}
[30Oct2024 19:48:34.858] [main/DEBUG] [cpw.mods.modlauncher.TransformStore/MODLAUNCHER]: Adding transformer net.neoforged.neoforge.coremods.MethodRedirector@5e2a3040 to Target : cpw.mods.modlauncher.api.TargetType@4985cbcb {Lnet/minecraft/world/level/levelgen/structure/structures/SwampHutPiece;} {} {V}
[30Oct2024 19:48:34.859] [main/DEBUG] [cpw.mods.modlauncher.TransformStore/MODLAUNCHER]: Adding transformer net.neoforged.neoforge.coremods.MethodRedirector@5e2a3040 to Target : cpw.mods.modlauncher.api.TargetType@4985cbcb {Lnet/minecraft/world/entity/ai/village/VillageSiege;} {} {V}
[30Oct2024 19:48:34.859] [main/DEBUG] [cpw.mods.modlauncher.TransformStore/MODLAUNCHER]: Adding transformer net.neoforged.neoforge.coremods.MethodRedirector@5e2a3040 to Target : cpw.mods.modlauncher.api.TargetType@4985cbcb {Lnet/minecraft/world/entity/animal/horse/SkeletonTrapGoal;} {} {V}
[30Oct2024 19:48:34.859] [main/DEBUG] [cpw.mods.modlauncher.TransformStore/MODLAUNCHER]: Adding transformer net.neoforged.neoforge.coremods.MethodRedirector@5e2a3040 to Target : cpw.mods.modlauncher.api.TargetType@4985cbcb {Lnet/minecraft/world/level/levelgen/structure/templatesystem/StructureTemplate;} {} {V}
[30Oct2024 19:48:34.859] [main/DEBUG] [cpw.mods.modlauncher.TransformStore/MODLAUNCHER]: Adding transformer net.neoforged.neoforge.coremods.MethodRedirector@5e2a3040 to Target : cpw.mods.modlauncher.api.TargetType@4985cbcb {Lnet/minecraft/world/entity/monster/Evoker$EvokerSummonSpellGoal;} {} {V}
[30Oct2024 19:48:34.860] [main/DEBUG] [cpw.mods.modlauncher.TransformStore/MODLAUNCHER]: Adding transformer net.neoforged.neoforge.coremods.MethodRedirector@5e2a3040 to Target : cpw.mods.modlauncher.api.TargetType@4985cbcb {Lnet/minecraft/world/entity/EntityType;} {} {V}
[30Oct2024 19:48:34.860] [main/DEBUG] [cpw.mods.modlauncher.TransformStore/MODLAUNCHER]: Adding transformer net.neoforged.neoforge.coremods.MethodRedirector@5e2a3040 to Target : cpw.mods.modlauncher.api.TargetType@4985cbcb {Lnet/minecraft/world/entity/monster/Strider;} {} {V}
[30Oct2024 19:48:34.864] [main/DEBUG] [cpw.mods.modlauncher.TransformStore/MODLAUNCHER]: Adding transformer net.neoforged.neoforge.coremods.MethodRedirector@5e2a3040 to Target : cpw.mods.modlauncher.api.TargetType@4985cbcb {Lnet/minecraft/world/entity/npc/CatSpawner;} {} {V}
[30Oct2024 19:48:34.864] [main/DEBUG] [cpw.mods.modlauncher.TransformStore/MODLAUNCHER]: Adding transformer net.neoforged.neoforge.coremods.MethodRedirector@5e2a3040 to Target : cpw.mods.modlauncher.api.TargetType@4985cbcb {Lnet/minecraft/world/level/levelgen/PhantomSpawner;} {} {V}
[30Oct2024 19:48:34.865] [main/DEBUG] [cpw.mods.modlauncher.TransformStore/MODLAUNCHER]: Adding transformer net.neoforged.neoforge.coremods.MethodRedirector@5e2a3040 to Target : cpw.mods.modlauncher.api.TargetType@4985cbcb {Lnet/minecraft/server/commands/SummonCommand;} {} {V}
[30Oct2024 19:48:34.968] [main/DEBUG] [cpw.mods.modlauncher.TransformStore/MODLAUNCHER]: Adding transformer net.neoforged.neoforge.coremods.MethodRedirector@5e2a3040 to Target : cpw.mods.modlauncher.api.TargetType@4985cbcb {Lnet/minecraft/world/level/levelgen/structure/structures/WoodlandMansionPieces$WoodlandMansionPiece;} {} {V}
[30Oct2024 19:48:34.969] [main/DEBUG] [cpw.mods.modlauncher.TransformStore/MODLAUNCHER]: Adding transformer net.neoforged.neoforge.coremods.MethodRedirector@5e2a3040 to Target : cpw.mods.modlauncher.api.TargetType@4985cbcb {Lnet/minecraft/world/entity/npc/Villager;} {} {V}
[30Oct2024 19:48:34.969] [main/DEBUG] [cpw.mods.modlauncher.TransformStore/MODLAUNCHER]: Adding transformer net.neoforged.neoforge.coremods.MethodRedirector@5e2a3040 to Target : cpw.mods.modlauncher.api.TargetType@4985cbcb {Lnet/minecraft/world/entity/monster/Spider;} {} {V}
[30Oct2024 19:48:34.970] [main/DEBUG] [cpw.mods.modlauncher.TransformStore/MODLAUNCHER]: Adding transformer net.neoforged.neoforge.coremods.MethodRedirector@5e2a3040 to Target : cpw.mods.modlauncher.api.TargetType@4985cbcb {Lnet/minecraft/world/level/levelgen/structure/structures/OceanRuinPieces$OceanRuinPiece;} {} {V}
[30Oct2024 19:48:34.972] [main/DEBUG] [cpw.mods.modlauncher.TransformStore/MODLAUNCHER]: Adding transformer net.neoforged.neoforge.coremods.MethodRedirector@5e2a3040 to Target : cpw.mods.modlauncher.api.TargetType@4985cbcb {Lnet/minecraft/world/entity/monster/Zombie;} {} {V}
[30Oct2024 19:48:34.973] [main/DEBUG] [cpw.mods.modlauncher.TransformStore/MODLAUNCHER]: Adding transformer net.neoforged.neoforge.coremods.MethodRedirector@5e2a3040 to Target : cpw.mods.modlauncher.api.TargetType@4985cbcb {Lnet/minecraft/world/entity/raid/Raid;} {} {V}
[30Oct2024 19:48:34.974] [main/DEBUG] [cpw.mods.modlauncher.TransformStore/MODLAUNCHER]: Adding transformer net.neoforged.neoforge.coremods.MethodRedirector@5e2a3040 to Target : cpw.mods.modlauncher.api.TargetType@4985cbcb {Lnet/minecraft/world/level/NaturalSpawner;} {} {V}
[30Oct2024 19:48:34.974] [main/DEBUG] [cpw.mods.modlauncher.TransformStore/MODLAUNCHER]: Adding transformer net.neoforged.neoforge.coremods.MethodRedirector@5e2a3040 to Target : cpw.mods.modlauncher.api.TargetType@4985cbcb {Lnet/minecraft/world/entity/animal/frog/Tadpole;} {} {V}
[30Oct2024 19:48:34.974] [main/DEBUG] [cpw.mods.modlauncher.TransformStore/MODLAUNCHER]: Adding transformer net.neoforged.neoforge.coremods.MethodRedirector@5e2a3040 to Target : cpw.mods.modlauncher.api.TargetType@4985cbcb {Lnet/minecraft/world/level/levelgen/structure/structures/OceanMonumentPieces$OceanMonumentPiece;} {} {V}
[30Oct2024 19:48:34.975] [main/DEBUG] [cpw.mods.modlauncher.TransformationServiceDecorator/MODLAUNCHER]: Initialized transformers for transformation service fml
[30Oct2024 19:48:35.757] [main/DEBUG] [mixin/]: Processing prepare() for PlatformAgent[MixinPlatformAgentDefault:ModLauncher Root Container(ModLauncher:4f56a0a2)]
[30Oct2024 19:48:35.757] [main/DEBUG] [mixin/]: Processing prepare() for PlatformAgent[MixinPlatformAgentDefault:net.neoforged.fml.loading.mixin.FMLMixinContainerHandle@abff8b7]
[30Oct2024 19:48:35.758] [main/DEBUG] [mixin/]: Processing prepare() for PlatformAgent[FMLMixinPlatformAgent:null]
[30Oct2024 19:48:35.813] [main/DEBUG] [mixin/]: Processing launch tasks for PlatformAgent[MixinPlatformAgentDefault:ModLauncher Root Container(ModLauncher:4f56a0a2)]
[30Oct2024 19:48:35.814] [main/DEBUG] [mixin/]: Adding mixin platform agents for container SecureJarResource(mixin_synthetic)
[30Oct2024 19:48:35.815] [main/DEBUG] [mixin/]: Instancing new MixinPlatformAgentMinecraftForge for SecureJarResource(mixin_synthetic)
[30Oct2024 19:48:35.815] [main/DEBUG] [mixin/]: MixinPlatformAgentMinecraftForge rejected container SecureJarResource(mixin_synthetic)
[30Oct2024 19:48:35.816] [main/DEBUG] [mixin/]: Instancing new MixinPlatformAgentDefault for SecureJarResource(mixin_synthetic)
[30Oct2024 19:48:35.816] [main/DEBUG] [mixin/]: MixinPlatformAgentDefault accepted container SecureJarResource(mixin_synthetic)
[30Oct2024 19:48:35.816] [main/DEBUG] [mixin/]: Instancing new FMLMixinPlatformAgent for SecureJarResource(mixin_synthetic)
[30Oct2024 19:48:35.817] [main/DEBUG] [mixin/]: FMLMixinPlatformAgent rejected container SecureJarResource(mixin_synthetic)
[30Oct2024 19:48:35.817] [main/DEBUG] [mixin/]: Processing prepare() for PlatformAgent[MixinPlatformAgentDefault:SecureJarResource(mixin_synthetic)]
[30Oct2024 19:48:35.818] [main/DEBUG] [mixin/]: Adding mixin platform agents for container SecureJarResource(minecraft)
[30Oct2024 19:48:35.818] [main/DEBUG] [mixin/]: Instancing new MixinPlatformAgentMinecraftForge for SecureJarResource(minecraft)
[30Oct2024 19:48:35.819] [main/DEBUG] [mixin/]: MixinPlatformAgentMinecraftForge rejected container SecureJarResource(minecraft)
[30Oct2024 19:48:35.819] [main/DEBUG] [mixin/]: Instancing new MixinPlatformAgentDefault for SecureJarResource(minecraft)
[30Oct2024 19:48:35.820] [main/DEBUG] [mixin/]: MixinPlatformAgentDefault accepted container SecureJarResource(minecraft)
[30Oct2024 19:48:35.820] [main/DEBUG] [mixin/]: Instancing new FMLMixinPlatformAgent for SecureJarResource(minecraft)
[30Oct2024 19:48:35.820] [main/DEBUG] [mixin/]: FMLMixinPlatformAgent rejected container SecureJarResource(minecraft)
[30Oct2024 19:48:35.821] [main/DEBUG] [mixin/]: Processing prepare() for PlatformAgent[MixinPlatformAgentDefault:SecureJarResource(minecraft)]
[30Oct2024 19:48:35.821] [main/DEBUG] [mixin/]: Adding mixin platform agents for container SecureJarResource(kraftmined)
[30Oct2024 19:48:35.821] [main/DEBUG] [mixin/]: Instancing new MixinPlatformAgentMinecraftForge for SecureJarResource(kraftmined)
[30Oct2024 19:48:35.821] [main/DEBUG] [mixin/]: MixinPlatformAgentMinecraftForge rejected container SecureJarResource(kraftmined)
[30Oct2024 19:48:35.822] [main/DEBUG] [mixin/]: Instancing new MixinPlatformAgentDefault for SecureJarResource(kraftmined)
[30Oct2024 19:48:35.822] [main/DEBUG] [mixin/]: MixinPlatformAgentDefault accepted container SecureJarResource(kraftmined)
[30Oct2024 19:48:35.822] [main/DEBUG] [mixin/]: Instancing new FMLMixinPlatformAgent for SecureJarResource(kraftmined)
[30Oct2024 19:48:35.822] [main/DEBUG] [mixin/]: FMLMixinPlatformAgent rejected container SecureJarResource(kraftmined)
[30Oct2024 19:48:35.823] [main/DEBUG] [mixin/]: Processing prepare() for PlatformAgent[MixinPlatformAgentDefault:SecureJarResource(kraftmined)]
[30Oct2024 19:48:35.823] [main/DEBUG] [mixin/]: Adding mixin platform agents for container SecureJarResource(mixinextras.neoforge)
[30Oct2024 19:48:35.823] [main/DEBUG] [mixin/]: Instancing new MixinPlatformAgentMinecraftForge for SecureJarResource(mixinextras.neoforge)
[30Oct2024 19:48:35.823] [main/DEBUG] [mixin/]: MixinPlatformAgentMinecraftForge rejected container SecureJarResource(mixinextras.neoforge)
[30Oct2024 19:48:35.823] [main/DEBUG] [mixin/]: Instancing new MixinPlatformAgentDefault for SecureJarResource(mixinextras.neoforge)
[30Oct2024 19:48:35.824] [main/DEBUG] [mixin/]: MixinPlatformAgentDefault accepted container SecureJarResource(mixinextras.neoforge)
[30Oct2024 19:48:35.824] [main/DEBUG] [mixin/]: Instancing new FMLMixinPlatformAgent for SecureJarResource(mixinextras.neoforge)
[30Oct2024 19:48:35.824] [main/DEBUG] [mixin/]: FMLMixinPlatformAgent rejected container SecureJarResource(mixinextras.neoforge)
[30Oct2024 19:48:35.824] [main/DEBUG] [mixin/]: Processing prepare() for PlatformAgent[MixinPlatformAgentDefault:SecureJarResource(mixinextras.neoforge)]
[30Oct2024 19:48:35.825] [main/DEBUG] [mixin/]: Registering mixin config: mixinextras.init.mixins.json source=SecureJarResource(mixinextras.neoforge)
[30Oct2024 19:48:35.828] [main/DEBUG] [mixin/]: inject() running with 6 agents
[30Oct2024 19:48:35.829] [main/DEBUG] [mixin/]: Processing inject() for PlatformAgent[MixinPlatformAgentDefault:ModLauncher Root Container(ModLauncher:4f56a0a2)]
[30Oct2024 19:48:35.830] [main/DEBUG] [mixin/]: Processing inject() for PlatformAgent[MixinPlatformAgentDefault:net.neoforged.fml.loading.mixin.FMLMixinContainerHandle@abff8b7]
[30Oct2024 19:48:35.832] [main/DEBUG] [mixin/]: Processing inject() for PlatformAgent[FMLMixinPlatformAgent:null]
[30Oct2024 19:48:35.833] [main/DEBUG] [mixin/]: Processing inject() for PlatformAgent[MixinPlatformAgentDefault:SecureJarResource(mixin_synthetic)]
[30Oct2024 19:48:35.833] [main/DEBUG] [mixin/]: Processing inject() for PlatformAgent[MixinPlatformAgentDefault:SecureJarResource(minecraft)]
[30Oct2024 19:48:35.834] [main/DEBUG] [mixin/]: Processing inject() for PlatformAgent[MixinPlatformAgentDefault:SecureJarResource(kraftmined)]
[30Oct2024 19:48:35.834] [main/DEBUG] [mixin/]: Processing inject() for PlatformAgent[MixinPlatformAgentDefault:SecureJarResource(mixinextras.neoforge)]
[30Oct2024 19:48:35.836] [main/INFO] [cpw.mods.modlauncher.LaunchServiceHandler/MODLAUNCHER]: Launching target 'forgeclientuserdev' with arguments [--version, 21.1.65, --gameDir, ., --assetsDir, C:\Users\Karl\.mcreator\gradle\caches\neoformruntime\assets, --assetIndex, 17]
[30Oct2024 19:48:35.931] [main/DEBUG] [mixin/]: Preparing mixins for MixinEnvironment[DEFAULT]
[30Oct2024 19:48:35.933] [main/DEBUG] [mixin/]: Selecting config neoforge.mixins.json
[30Oct2024 19:48:35.939] [main/DEBUG] [mixin/]: Selecting config mixinextras.init.mixins.json
[30Oct2024 19:48:35.995] [main/DEBUG] [MixinExtras|Service/]: com.llamalad7.mixinextras.service.MixinExtrasServiceImpl(version=0.4.1) is taking over from null
[30Oct2024 19:48:36.060] [main/DEBUG] [mixin/]: Registering new injector for @Inject with org.spongepowered.asm.mixin.injection.struct.CallbackInjectionInfo
[30Oct2024 19:48:36.064] [main/DEBUG] [mixin/]: Registering new injector for @ModifyArg with org.spongepowered.asm.mixin.injection.struct.ModifyArgInjectionInfo
[30Oct2024 19:48:36.072] [main/DEBUG] [mixin/]: Registering new injector for @ModifyArgs with org.spongepowered.asm.mixin.injection.struct.ModifyArgsInjectionInfo
[30Oct2024 19:48:36.074] [main/DEBUG] [mixin/]: Registering new injector for @Redirect with org.spongepowered.asm.mixin.injection.struct.RedirectInjectionInfo
[30Oct2024 19:48:36.078] [main/DEBUG] [mixin/]: Registering new injector for @ModifyVariable with org.spongepowered.asm.mixin.injection.struct.ModifyVariableInjectionInfo
[30Oct2024 19:48:36.081] [main/DEBUG] [mixin/]: Registering new injector for @ModifyConstant with org.spongepowered.asm.mixin.injection.struct.ModifyConstantInjectionInfo
[30Oct2024 19:48:36.102] [main/DEBUG] [mixin/]: Preparing neoforge.mixins.json (2)
[30Oct2024 19:48:36.191] [main/DEBUG] [mixin/]: Preparing mixinextras.init.mixins.json (0)
[30Oct2024 19:48:36.207] [main/DEBUG] [mixin/]: Prepared 2 mixins in 0.268 sec (134.0ms avg) (0ms load, 0ms transform, 0ms plugin)
[30Oct2024 19:48:36.589] [main/DEBUG] [io.netty.util.internal.logging.InternalLoggerFactory/]: Using SLF4J as the default logging framework
[30Oct2024 19:48:36.593] [main/DEBUG] [io.netty.util.ResourceLeakDetector/]: -Dio.netty.leakDetection.level: simple
[30Oct2024 19:48:36.594] [main/DEBUG] [io.netty.util.ResourceLeakDetector/]: -Dio.netty.leakDetection.targetRecords: 4
[30Oct2024 19:48:38.379] [main/DEBUG] [oshi.util.FileUtil/]: No oshi.properties file found from ClassLoader cpw.mods.modlauncher.TransformingClassLoader@1de0a46c
[30Oct2024 19:48:39.042] [Datafixer Bootstrap/INFO] [com.mojang.datafixers.DataFixerBuilder/]: 229 Datafixer optimizations took 731 milliseconds
[30Oct2024 19:48:39.137] [main/DEBUG] [oshi.util.FileUtil/]: No oshi.architecture.properties file found from ClassLoader cpw.mods.modlauncher.TransformingClassLoader@1de0a46c
[30Oct2024 19:48:39.268] [pool-7-thread-1/INFO] [MixinExtras|Service/]: Initializing MixinExtras via com.llamalad7.mixinextras.service.MixinExtrasServiceImpl(version=0.4.1).
[30Oct2024 19:48:39.273] [pool-7-thread-1/DEBUG] [mixin/]: Registering new injector for @SugarWrapper with com.llamalad7.mixinextras.sugar.impl.SugarWrapperInjectionInfo
[30Oct2024 19:48:39.275] [pool-7-thread-1/DEBUG] [mixin/]: Registering new injector for @FactoryRedirectWrapper with com.llamalad7.mixinextras.wrapper.factory.FactoryRedirectWrapperInjectionInfo
[30Oct2024 19:48:39.283] [pool-7-thread-1/DEBUG] [mixin/]: Mixing MappedRegistryAccessor from neoforge.mixins.json into net.minecraft.core.MappedRegistry
[30Oct2024 19:48:39.291] [pool-7-thread-1/DEBUG] [mixin/]: neoforge.mixins.json:MappedRegistryAccessor from mod neoforge: Class version 65 required is higher than the class version supported by the current version of Mixin (JAVA_16 supports class version 60)
[30Oct2024 19:48:40.766] [pool-7-thread-1/DEBUG] [mixin/]: Mixing BlockEntityTypeAccessor from neoforge.mixins.json into net.minecraft.world.level.block.entity.BlockEntityType
[30Oct2024 19:48:40.767] [pool-7-thread-1/DEBUG] [mixin/]: neoforge.mixins.json:BlockEntityTypeAccessor from mod neoforge: Class version 65 required is higher than the class version supported by the current version of Mixin (JAVA_16 supports class version 60)
[30Oct2024 19:48:42.474] [pool-7-thread-1/DEBUG] [io.netty.util.internal.PlatformDependent0/]: -Dio.netty.noUnsafe: false
[30Oct2024 19:48:42.475] [pool-7-thread-1/DEBUG] [io.netty.util.internal.PlatformDependent0/]: Java version: 21
[30Oct2024 19:48:42.477] [pool-7-thread-1/DEBUG] [io.netty.util.internal.PlatformDependent0/]: sun.misc.Unsafe.theUnsafe: available
[30Oct2024 19:48:42.478] [pool-7-thread-1/DEBUG] [io.netty.util.internal.PlatformDependent0/]: sun.misc.Unsafe.copyMemory: available
[30Oct2024 19:48:42.479] [pool-7-thread-1/DEBUG] [io.netty.util.internal.PlatformDependent0/]: sun.misc.Unsafe.storeFence: available
[30Oct2024 19:48:42.480] [pool-7-thread-1/DEBUG] [io.netty.util.internal.PlatformDependent0/]: java.nio.Buffer.address: available
[30Oct2024 19:48:42.482] [pool-7-thread-1/DEBUG] [io.netty.util.internal.PlatformDependent0/]: direct buffer constructor: unavailable: Reflective setAccessible(true) disabled
[30Oct2024 19:48:42.484] [pool-7-thread-1/DEBUG] [io.netty.util.internal.PlatformDependent0/]: java.nio.Bits.unaligned: available, true
[30Oct2024 19:48:42.486] [pool-7-thread-1/DEBUG] [io.netty.util.internal.PlatformDependent0/]: jdk.internal.misc.Unsafe.allocateUninitializedArray(int): unavailable: class io.netty.util.internal.PlatformDependent0$7 (in module io.netty.common) cannot access class jdk.internal.misc.Unsafe (in module java.base) because module java.base does not export jdk.internal.misc to module io.netty.common
[30Oct2024 19:48:42.488] [pool-7-thread-1/DEBUG] [io.netty.util.internal.PlatformDependent0/]: java.nio.DirectByteBuffer.<init>(long, {int,long}): unavailable
[30Oct2024 19:48:42.489] [pool-7-thread-1/DEBUG] [io.netty.util.internal.PlatformDependent/]: sun.misc.Unsafe: available
[30Oct2024 19:48:42.491] [pool-7-thread-1/DEBUG] [io.netty.util.internal.PlatformDependent/]: maxDirectMemory: 2090860544 bytes (maybe)
[30Oct2024 19:48:42.492] [pool-7-thread-1/DEBUG] [io.netty.util.internal.PlatformDependent/]: -Dio.netty.tmpdir: C:\Users\Karl\AppData\Local\Temp (java.io.tmpdir)
[30Oct2024 19:48:42.493] [pool-7-thread-1/DEBUG] [io.netty.util.internal.PlatformDependent/]: -Dio.netty.bitMode: 64 (sun.arch.data.model)
[30Oct2024 19:48:42.494] [pool-7-thread-1/DEBUG] [io.netty.util.internal.PlatformDependent/]: Platform: Windows
[30Oct2024 19:48:42.495] [pool-7-thread-1/DEBUG] [io.netty.util.internal.PlatformDependent/]: -Dio.netty.maxDirectMemory: -1 bytes
[30Oct2024 19:48:42.496] [pool-7-thread-1/DEBUG] [io.netty.util.internal.PlatformDependent/]: -Dio.netty.uninitializedArrayAllocationThreshold: -1
[30Oct2024 19:48:42.499] [pool-7-thread-1/DEBUG] [io.netty.util.internal.CleanerJava9/]: java.nio.ByteBuffer.cleaner(): available
[30Oct2024 19:48:42.500] [pool-7-thread-1/DEBUG] [io.netty.util.internal.PlatformDependent/]: -Dio.netty.noPreferDirect: false
[30Oct2024 19:48:46.209] [main/WARN] [net.minecraft.commands.Commands/]: Ambiguity between arguments [teleport, location] and [teleport, destination] with inputs: [0.1 -0.5 .9, 0 0 0]
[30Oct2024 19:48:46.211] [main/WARN] [net.minecraft.commands.Commands/]: Ambiguity between arguments [teleport, location] and [teleport, targets] with inputs: [0.1 -0.5 .9, 0 0 0]
[30Oct2024 19:48:46.217] [main/WARN] [net.minecraft.commands.Commands/]: Ambiguity between arguments [teleport, destination] and [teleport, targets] with inputs: [Player, 0123, @e, dd12be42-52a9-4a91-a8a1-11c01849e498]
[30Oct2024 19:48:46.220] [main/WARN] [net.minecraft.commands.Commands/]: Ambiguity between arguments [teleport, targets] and [teleport, destination] with inputs: [Player, 0123, dd12be42-52a9-4a91-a8a1-11c01849e498]
[30Oct2024 19:48:46.222] [main/WARN] [net.minecraft.commands.Commands/]: Ambiguity between arguments [teleport, targets, location] and [teleport, targets, destination] with inputs: [0.1 -0.5 .9, 0 0 0]
[30Oct2024 19:48:46.405] [Render thread/WARN] [net.minecraft.server.packs.VanillaPackResourcesBuilder/]: Assets URL 'union:/D:/Files/Da%20Documents/Mods/MC-Kraftmined-Ultimate/Kombat/build/moddev/artifacts/neoforge-21.1.65-minecraft.jar%23183!/assets/.mcassetsroot' uses unexpected schema
[30Oct2024 19:48:46.406] [Render thread/WARN] [net.minecraft.server.packs.VanillaPackResourcesBuilder/]: Assets URL 'union:/D:/Files/Da%20Documents/Mods/MC-Kraftmined-Ultimate/Kombat/build/moddev/artifacts/neoforge-21.1.65-minecraft.jar%23183!/data/.mcassetsroot' uses unexpected schema
[30Oct2024 19:48:46.444] [Render thread/INFO] [com.mojang.authlib.yggdrasil.YggdrasilAuthenticationService/]: Environment: Environment[sessionHost=https://sessionserver.mojang.com, servicesHost=https://api.minecraftservices.com, name=PROD]
[30Oct2024 19:48:46.458] [Render thread/INFO] [net.minecraft.client.Minecraft/]: Setting user: Dev
[30Oct2024 19:48:46.602] [Render thread/INFO] [net.minecraft.client.Minecraft/]: Backend library: LWJGL version 3.3.3+5
[30Oct2024 19:48:46.867] [Render thread/DEBUG] [net.neoforged.fml.ModWorkManager/LOADING]: Using 8 threads for parallel mod-loading
[30Oct2024 19:48:46.897] [Render thread/DEBUG] [net.neoforged.fml.javafmlmod.FMLModContainer/LOADING]: Creating FMLModContainer instance for [net.neoforged.neoforge.common.NeoForgeMod, net.neoforged.neoforge.client.ClientNeoForgeMod]
[30Oct2024 19:48:46.906] [Render thread/DEBUG] [net.neoforged.fml.javafmlmod.FMLModContainer/LOADING]: Creating FMLModContainer instance for [net.mcreator.kraftmined.KraftminedMod]
[30Oct2024 19:48:46.957] [modloading-worker-0/DEBUG] [net.neoforged.neoforge.internal.versions.neoforge.NeoForgeVersion/CORE]: Found NeoForge version 21.1.65
[30Oct2024 19:48:46.959] [modloading-worker-0/DEBUG] [net.neoforged.neoforge.internal.versions.neoforge.NeoForgeVersion/CORE]: Found FML version 4.0.24
[30Oct2024 19:48:46.959] [modloading-worker-0/INFO] [net.neoforged.neoforge.common.NeoForgeMod/NEOFORGE-MOD]: NeoForge mod loading, version 21.1.65, for MC 1.21.1
[30Oct2024 19:48:47.014] [modloading-worker-0/DEBUG] [net.neoforged.fml.config.ConfigTracker/CONFIG]: Config file neoforge-client.toml for neoforge tracking
[30Oct2024 19:48:47.015] [modloading-worker-0/DEBUG] [net.neoforged.fml.config.ConfigTracker/CONFIG]: Config file neoforge-server.toml for neoforge tracking
[30Oct2024 19:48:47.015] [modloading-worker-0/DEBUG] [net.neoforged.fml.config.ConfigTracker/CONFIG]: Config file neoforge-common.toml for neoforge tracking
[30Oct2024 19:48:47.117] [modloading-worker-0/DEBUG] [net.neoforged.fml.javafmlmod.AutomaticEventSubscriber/LOADING]: Attempting to inject @EventBusSubscriber classes into the eventbus for neoforge
[30Oct2024 19:48:47.121] [modloading-worker-0/DEBUG] [net.neoforged.fml.javafmlmod.AutomaticEventSubscriber/LOADING]: Auto-subscribing net.neoforged.neoforge.server.command.ConfigCommand to GAME
[30Oct2024 19:48:47.123] [modloading-worker-0/DEBUG] [net.neoforged.fml.javafmlmod.AutomaticEventSubscriber/LOADING]: Auto-subscribing net.neoforged.neoforge.network.filters.GenericPacketSplitter to MOD
[30Oct2024 19:48:47.163] [modloading-worker-0/DEBUG] [io.netty.buffer.AbstractByteBuf/]: -Dio.netty.buffer.checkAccessible: true
[30Oct2024 19:48:47.164] [modloading-worker-0/DEBUG] [io.netty.buffer.AbstractByteBuf/]: -Dio.netty.buffer.checkBounds: true
[30Oct2024 19:48:47.166] [modloading-worker-0/DEBUG] [io.netty.util.ResourceLeakDetectorFactory/]: Loaded default ResourceLeakDetector: io.netty.util.ResourceLeakDetector@3cf8a51e
[30Oct2024 19:48:47.182] [modloading-worker-0/DEBUG] [io.netty.util.internal.InternalThreadLocalMap/]: -Dio.netty.threadLocalMap.stringBuilder.initialSize: 1024
[30Oct2024 19:48:47.183] [modloading-worker-0/DEBUG] [io.netty.util.internal.InternalThreadLocalMap/]: -Dio.netty.threadLocalMap.stringBuilder.maxSize: 4096
[30Oct2024 19:48:47.189] [modloading-worker-0/DEBUG] [io.netty.buffer.PooledByteBufAllocator/]: -Dio.netty.allocator.numHeapArenas: 16
[30Oct2024 19:48:47.189] [modloading-worker-0/DEBUG] [io.netty.buffer.PooledByteBufAllocator/]: -Dio.netty.allocator.numDirectArenas: 16
[30Oct2024 19:48:47.190] [modloading-worker-0/DEBUG] [io.netty.buffer.PooledByteBufAllocator/]: -Dio.netty.allocator.pageSize: 8192
[30Oct2024 19:48:47.190] [modloading-worker-0/DEBUG] [io.netty.buffer.PooledByteBufAllocator/]: -Dio.netty.allocator.maxOrder: 9
[30Oct2024 19:48:47.191] [modloading-worker-0/DEBUG] [io.netty.buffer.PooledByteBufAllocator/]: -Dio.netty.allocator.chunkSize: 4194304
[30Oct2024 19:48:47.191] [modloading-worker-0/DEBUG] [io.netty.buffer.PooledByteBufAllocator/]: -Dio.netty.allocator.smallCacheSize: 256
[30Oct2024 19:48:47.191] [modloading-worker-0/DEBUG] [io.netty.buffer.PooledByteBufAllocator/]: -Dio.netty.allocator.normalCacheSize: 64
[30Oct2024 19:48:47.191] [modloading-worker-0/DEBUG] [io.netty.buffer.PooledByteBufAllocator/]: -Dio.netty.allocator.maxCachedBufferCapacity: 32768
[30Oct2024 19:48:47.192] [modloading-worker-0/DEBUG] [io.netty.buffer.PooledByteBufAllocator/]: -Dio.netty.allocator.cacheTrimInterval: 8192
[30Oct2024 19:48:47.192] [modloading-worker-0/DEBUG] [io.netty.buffer.PooledByteBufAllocator/]: -Dio.netty.allocator.cacheTrimIntervalMillis: 0
[30Oct2024 19:48:47.192] [modloading-worker-0/DEBUG] [io.netty.buffer.PooledByteBufAllocator/]: -Dio.netty.allocator.useCacheForAllThreads: false
[30Oct2024 19:48:47.192] [modloading-worker-0/DEBUG] [io.netty.buffer.PooledByteBufAllocator/]: -Dio.netty.allocator.maxCachedByteBuffersPerChunk: 1023
[30Oct2024 19:48:47.204] [modloading-worker-0/DEBUG] [io.netty.buffer.ByteBufUtil/]: -Dio.netty.allocator.type: pooled
[30Oct2024 19:48:47.205] [modloading-worker-0/DEBUG] [io.netty.buffer.ByteBufUtil/]: -Dio.netty.threadLocalDirectBufferSize: 0
[30Oct2024 19:48:47.205] [modloading-worker-0/DEBUG] [io.netty.buffer.ByteBufUtil/]: -Dio.netty.maxThreadLocalCharBufferSize: 16384
[30Oct2024 19:48:47.223] [modloading-worker-0/DEBUG] [net.neoforged.fml.javafmlmod.AutomaticEventSubscriber/LOADING]: Auto-subscribing net.neoforged.neoforge.network.NetworkInitialization to MOD
[30Oct2024 19:48:47.226] [modloading-worker-0/DEBUG] [net.neoforged.fml.javafmlmod.AutomaticEventSubscriber/LOADING]: Auto-subscribing net.neoforged.neoforge.network.ConfigurationInitialization to MOD
[30Oct2024 19:48:47.231] [modloading-worker-0/DEBUG] [net.neoforged.fml.javafmlmod.AutomaticEventSubscriber/LOADING]: Auto-subscribing net.neoforged.neoforge.common.MonsterRoomHooks to GAME
[30Oct2024 19:48:47.233] [modloading-worker-0/DEBUG] [net.neoforged.fml.javafmlmod.AutomaticEventSubscriber/LOADING]: Auto-subscribing net.neoforged.neoforge.common.DeferredSpawnEggItem$CommonHandler to MOD
[30Oct2024 19:48:47.235] [modloading-worker-0/DEBUG] [net.neoforged.fml.javafmlmod.AutomaticEventSubscriber/LOADING]: Auto-subscribing net.neoforged.neoforge.common.DeferredSpawnEggItem$ColorRegisterHandler to MOD
[30Oct2024 19:48:47.239] [modloading-worker-0/DEBUG] [net.neoforged.fml.javafmlmod.AutomaticEventSubscriber/LOADING]: Auto-subscribing net.neoforged.neoforge.client.model.data.ModelDataManager to GAME
[30Oct2024 19:48:47.243] [modloading-worker-0/DEBUG] [net.neoforged.fml.javafmlmod.AutomaticEventSubscriber/LOADING]: Auto-subscribing net.neoforged.neoforge.client.ParticleBoundsDebugRenderer to GAME
[30Oct2024 19:48:47.250] [modloading-worker-0/DEBUG] [net.neoforged.fml.javafmlmod.AutomaticEventSubscriber/LOADING]: Auto-subscribing net.neoforged.neoforge.client.ClientHooks$ClientEvents to MOD
[30Oct2024 19:48:47.259] [modloading-worker-0/DEBUG] [net.neoforged.fml.javafmlmod.AutomaticEventSubscriber/LOADING]: Auto-subscribing net.neoforged.neoforge.client.BlockEntityRenderBoundsDebugRenderer to GAME
[30Oct2024 19:48:47.262] [modloading-worker-0/DEBUG] [net.neoforged.fml.javafmlmod.AutomaticEventSubscriber/LOADING]: Auto-subscribing net.neoforged.neoforge.attachment.AttachmentInternals to GAME
[30Oct2024 19:48:47.344] [modloading-worker-0/DEBUG] [net.neoforged.fml.javafmlmod.AutomaticEventSubscriber/LOADING]: Attempting to inject @EventBusSubscriber classes into the eventbus for kraftmined
[30Oct2024 19:48:47.345] [modloading-worker-0/DEBUG] [net.neoforged.fml.javafmlmod.AutomaticEventSubscriber/LOADING]: Auto-subscribing net.mcreator.kraftmined.client.screens.EyepatchLeftOverlay to GAME
[30Oct2024 19:48:47.347] [modloading-worker-0/DEBUG] [net.neoforged.fml.javafmlmod.AutomaticEventSubscriber/LOADING]: Auto-subscribing net.mcreator.kraftmined.client.screens.EyepatchRightOverlay to GAME
[30Oct2024 19:48:47.348] [modloading-worker-0/DEBUG] [net.neoforged.fml.javafmlmod.AutomaticEventSubscriber/LOADING]: Auto-subscribing net.mcreator.kraftmined.init.KraftminedModAttributes to MOD
[30Oct2024 19:48:47.350] [modloading-worker-0/DEBUG] [net.neoforged.fml.javafmlmod.AutomaticEventSubscriber/LOADING]: Auto-subscribing net.mcreator.kraftmined.init.KraftminedModGameRules to MOD
[30Oct2024 19:48:47.352] [modloading-worker-0/DEBUG] [net.neoforged.fml.javafmlmod.AutomaticEventSubscriber/LOADING]: Auto-subscribing net.mcreator.kraftmined.init.KraftminedModModels to MOD
[30Oct2024 19:48:47.354] [modloading-worker-0/DEBUG] [net.neoforged.fml.javafmlmod.AutomaticEventSubscriber/LOADING]: Auto-subscribing net.mcreator.kraftmined.init.KraftminedModTabs to MOD
[30Oct2024 19:48:47.354] [modloading-worker-0/DEBUG] [net.neoforged.fml.javafmlmod.AutomaticEventSubscriber/LOADING]: Auto-subscribing net.mcreator.kraftmined.item.CactusArmorItem to MOD
[30Oct2024 19:48:47.356] [modloading-worker-0/DEBUG] [net.neoforged.fml.javafmlmod.AutomaticEventSubscriber/LOADING]: Auto-subscribing net.mcreator.kraftmined.item.EyepatchItem to MOD
[30Oct2024 19:48:47.357] [modloading-worker-0/DEBUG] [net.neoforged.fml.javafmlmod.AutomaticEventSubscriber/LOADING]: Auto-subscribing net.mcreator.kraftmined.item.LapisArmorItem to MOD
[30Oct2024 19:48:47.358] [modloading-worker-0/DEBUG] [net.neoforged.fml.javafmlmod.AutomaticEventSubscriber/LOADING]: Auto-subscribing net.mcreator.kraftmined.item.NickelArmorItem to MOD
[30Oct2024 19:48:47.358] [modloading-worker-0/DEBUG] [net.neoforged.fml.javafmlmod.AutomaticEventSubscriber/LOADING]: Auto-subscribing net.mcreator.kraftmined.item.ObsidianArmorItem to MOD
[30Oct2024 19:48:47.359] [modloading-worker-0/DEBUG] [net.neoforged.fml.javafmlmod.AutomaticEventSubscriber/LOADING]: Auto-subscribing net.mcreator.kraftmined.item.QuiverItem to MOD
[30Oct2024 19:48:47.360] [modloading-worker-0/DEBUG] [net.neoforged.fml.javafmlmod.AutomaticEventSubscriber/LOADING]: Auto-subscribing net.mcreator.kraftmined.item.StoneArmorItem to MOD
[30Oct2024 19:48:47.361] [modloading-worker-0/DEBUG] [net.neoforged.fml.javafmlmod.AutomaticEventSubscriber/LOADING]: Auto-subscribing net.mcreator.kraftmined.item.TitaniumArmorItem to MOD
[30Oct2024 19:48:47.362] [modloading-worker-0/DEBUG] [net.neoforged.fml.javafmlmod.AutomaticEventSubscriber/LOADING]: Auto-subscribing net.mcreator.kraftmined.item.TntArmorItem to MOD
[30Oct2024 19:48:47.362] [modloading-worker-0/DEBUG] [net.neoforged.fml.javafmlmod.AutomaticEventSubscriber/LOADING]: Auto-subscribing net.mcreator.kraftmined.item.TungstenArmorItem to MOD
[30Oct2024 19:48:47.363] [modloading-worker-0/DEBUG] [net.neoforged.fml.javafmlmod.AutomaticEventSubscriber/LOADING]: Auto-subscribing net.mcreator.kraftmined.item.WoodArmorItem to MOD
[30Oct2024 19:48:47.364] [modloading-worker-0/DEBUG] [net.neoforged.fml.javafmlmod.AutomaticEventSubscriber/LOADING]: Auto-subscribing net.mcreator.kraftmined.network.KraftminedModVariables$EventBusVariableHandlers to GAME
[30Oct2024 19:48:47.367] [modloading-worker-0/DEBUG] [net.neoforged.fml.javafmlmod.AutomaticEventSubscriber/LOADING]: Auto-subscribing net.mcreator.kraftmined.network.KraftminedModVariables to MOD
[30Oct2024 19:48:47.369] [modloading-worker-0/DEBUG] [net.neoforged.fml.javafmlmod.AutomaticEventSubscriber/LOADING]: Auto-subscribing net.mcreator.kraftmined.potion.EyepatchEffectMobEffect to MOD
[30Oct2024 19:48:47.373] [modloading-worker-0/DEBUG] [net.neoforged.fml.javafmlmod.AutomaticEventSubscriber/LOADING]: Auto-subscribing net.mcreator.kraftmined.procedures.ArmorReflectDamageProcedure to GAME
[30Oct2024 19:48:47.374] [modloading-worker-0/DEBUG] [net.neoforged.fml.javafmlmod.AutomaticEventSubscriber/LOADING]: Auto-subscribing net.mcreator.kraftmined.procedures.BuffedMobSpawningProcedure to GAME
[30Oct2024 19:48:47.376] [modloading-worker-0/DEBUG] [net.neoforged.fml.javafmlmod.AutomaticEventSubscriber/LOADING]: Auto-subscribing net.mcreator.kraftmined.procedures.BuffedSpawnEffectsProcedure to GAME
[30Oct2024 19:48:47.377] [modloading-worker-0/DEBUG] [net.neoforged.fml.javafmlmod.AutomaticEventSubscriber/LOADING]: Auto-subscribing net.mcreator.kraftmined.procedures.CactusArmorhitProcedure to GAME
[30Oct2024 19:48:47.378] [modloading-worker-0/DEBUG] [net.neoforged.fml.javafmlmod.AutomaticEventSubscriber/LOADING]: Auto-subscribing net.mcreator.kraftmined.procedures.SizeDifferenceProcedureProcedure to GAME
[30Oct2024 19:48:47.379] [modloading-worker-0/DEBUG] [net.neoforged.fml.javafmlmod.AutomaticEventSubscriber/LOADING]: Auto-subscribing net.mcreator.kraftmined.procedures.TntArmorhitProcedure to GAME
[30Oct2024 19:48:47.539] [modloading-sync-worker/DEBUG] [net.neoforged.fml.config.ConfigTracker/CONFIG]: Loading configs type CLIENT
[30Oct2024 19:48:47.546] [modloading-sync-worker/DEBUG] [net.neoforged.neoforge.common.NeoForgeConfig/FORGEMOD]: Loaded NeoForge config file neoforge-client.toml
[30Oct2024 19:48:47.546] [modloading-sync-worker/DEBUG] [net.neoforged.fml.config.ConfigTracker/CONFIG]: Loaded TOML config file D:\Files\Da Documents\Mods\MC-Kraftmined-Ultimate\Kombat\run\config\neoforge-client.toml
[30Oct2024 19:48:47.558] [modloading-sync-worker/DEBUG] [net.neoforged.fml.config.ConfigTracker/CONFIG]: Watching TOML config file D:\Files\Da Documents\Mods\MC-Kraftmined-Ultimate\Kombat\run\config\neoforge-client.toml for changes
[30Oct2024 19:48:47.559] [modloading-sync-worker/DEBUG] [net.neoforged.fml.config.ConfigTracker/CONFIG]: Loading configs type COMMON
[30Oct2024 19:48:47.561] [modloading-sync-worker/DEBUG] [net.neoforged.neoforge.common.NeoForgeConfig/FORGEMOD]: Loaded NeoForge config file neoforge-common.toml
[30Oct2024 19:48:47.561] [modloading-sync-worker/DEBUG] [net.neoforged.fml.config.ConfigTracker/CONFIG]: Loaded TOML config file D:\Files\Da Documents\Mods\MC-Kraftmined-Ultimate\Kombat\run\config\neoforge-common.toml
[30Oct2024 19:48:47.563] [modloading-sync-worker/DEBUG] [net.neoforged.fml.config.ConfigTracker/CONFIG]: Watching TOML config file D:\Files\Da Documents\Mods\MC-Kraftmined-Ultimate\Kombat\run\config\neoforge-common.toml for changes
[30Oct2024 19:48:48.196] [Render thread/INFO] [net.neoforged.neoforge.gametest.GameTestHooks/]: Enabled Gametest Namespaces: []
[30Oct2024 19:48:48.373] [Render thread/INFO] [net.minecraft.server.packs.resources.ReloadableResourceManager/]: Reloading ResourceManager: vanilla, mod_resources, mod/neoforge, mod/kraftmined
[30Oct2024 19:48:48.494] [Render thread/DEBUG] [net.neoforged.fml.DeferredWorkQueue/LOADING]: Dispatching synchronous work for work queue Common setup: 1 jobs
[30Oct2024 19:48:48.580] [Render thread/DEBUG] [net.neoforged.fml.DeferredWorkQueue/LOADING]: Synchronous work queue completed in 20.82 ms
[30Oct2024 19:48:48.602] [Worker-Main-6/INFO] [net.minecraft.client.gui.font.providers.UnihexProvider/]: Found unifont_all_no_pua-15.1.05.hex, loading
[30Oct2024 19:48:48.921] [Worker-Main-7/INFO] [net.minecraft.client.gui.font.providers.UnihexProvider/]: Found unifont_jp_patch-15.1.05.hex, loading
[30Oct2024 19:48:49.468] [Worker-Main-6/WARN] [net.minecraft.client.renderer.texture.SpriteLoader/]: Texture kraftmined:item/obsidian_katana with size 24x23 limits mip level from 2 to 0
[30Oct2024 19:48:50.751] [Render thread/WARN] [net.minecraft.client.sounds.SoundEngine/]: Missing sound for event: minecraft:item.goat_horn.play
[30Oct2024 19:48:50.757] [Render thread/WARN] [net.minecraft.client.sounds.SoundEngine/]: Missing sound for event: minecraft:entity.goat.screaming.horn_break
[30Oct2024 19:48:51.494] [Render thread/INFO] [com.mojang.blaze3d.audio.Library/]: OpenAL initialized on device OpenAL Soft on Speakers (Realtek(R) Audio)
[30Oct2024 19:48:51.497] [Render thread/INFO] [net.minecraft.client.sounds.SoundEngine/SOUNDS]: Sound engine started
[30Oct2024 19:48:51.722] [Render thread/INFO] [net.minecraft.client.renderer.texture.TextureAtlas/]: Created: 1024x512x2 minecraft:textures/atlas/blocks.png-atlas
[30Oct2024 19:48:51.737] [Render thread/INFO] [net.minecraft.client.renderer.texture.TextureAtlas/]: Created: 256x256x2 minecraft:textures/atlas/signs.png-atlas
[30Oct2024 19:48:51.738] [Render thread/INFO] [net.minecraft.client.renderer.texture.TextureAtlas/]: Created: 512x512x2 minecraft:textures/atlas/banner_patterns.png-atlas
[30Oct2024 19:48:51.740] [Render thread/INFO] [net.minecraft.client.renderer.texture.TextureAtlas/]: Created: 512x512x2 minecraft:textures/atlas/shield_patterns.png-atlas
[30Oct2024 19:48:51.742] [Render thread/INFO] [net.minecraft.client.renderer.texture.TextureAtlas/]: Created: 1024x1024x2 minecraft:textures/atlas/armor_trims.png-atlas
[30Oct2024 19:48:51.749] [Render thread/INFO] [net.minecraft.client.renderer.texture.TextureAtlas/]: Created: 256x256x2 minecraft:textures/atlas/chest.png-atlas
[30Oct2024 19:48:51.750] [Render thread/INFO] [net.minecraft.client.renderer.texture.TextureAtlas/]: Created: 128x64x2 minecraft:textures/atlas/decorated_pot.png-atlas
[30Oct2024 19:48:51.751] [Render thread/INFO] [net.minecraft.client.renderer.texture.TextureAtlas/]: Created: 512x256x2 minecraft:textures/atlas/beds.png-atlas
[30Oct2024 19:48:51.752] [Render thread/INFO] [net.minecraft.client.renderer.texture.TextureAtlas/]: Created: 512x256x2 minecraft:textures/atlas/shulker_boxes.png-atlas
[30Oct2024 19:48:52.002] [Render thread/INFO] [net.minecraft.client.renderer.texture.TextureAtlas/]: Created: 512x256x0 minecraft:textures/atlas/particles.png-atlas
[30Oct2024 19:48:52.004] [Render thread/INFO] [net.minecraft.client.renderer.texture.TextureAtlas/]: Created: 512x256x0 minecraft:textures/atlas/paintings.png-atlas
[30Oct2024 19:48:52.006] [Render thread/INFO] [net.minecraft.client.renderer.texture.TextureAtlas/]: Created: 256x128x0 minecraft:textures/atlas/mob_effects.png-atlas
[30Oct2024 19:48:52.006] [Render thread/INFO] [net.minecraft.client.renderer.texture.TextureAtlas/]: Created: 64x64x0 minecraft:textures/atlas/map_decorations.png-atlas
[30Oct2024 19:48:52.007] [Render thread/INFO] [net.minecraft.client.renderer.texture.TextureAtlas/]: Created: 1024x512x0 minecraft:textures/atlas/gui.png-atlas
[30Oct2024 19:48:52.038] [Render thread/WARN] [net.minecraft.client.renderer.ShaderInstance/]: Shader rendertype_entity_translucent_emissive could not find sampler named Sampler2 in the specified shader program.
[30Oct2024 19:48:52.114] [Render thread/INFO] [net.neoforged.neoforge.client.entity.animation.json.AnimationLoader/]: Loaded 0 entity animations
[30Oct2024 19:49:02.875] [Render thread/INFO] [net.minecraft.world.level.storage.LevelStorageSource/]: Deleting level New World
[30Oct2024 19:49:02.876] [Render thread/INFO] [net.minecraft.world.level.storage.LevelStorageSource/]: Attempt 1...
[30Oct2024 19:49:04.745] [Render thread/INFO] [net.minecraft.world.item.crafting.RecipeManager/]: Loaded 1302 recipes
[30Oct2024 19:49:04.907] [Render thread/INFO] [net.minecraft.advancements.AdvancementTree/]: Loaded 1399 advancements
[30Oct2024 19:49:05.295] [Render thread/DEBUG] [net.neoforged.neoforge.common.CommonHooks/WP]: Gathered mod list to write to world save New World
[30Oct2024 19:49:05.357] [Server thread/INFO] [net.minecraft.client.server.IntegratedServer/]: Starting integrated minecraft server version 1.21.1
[30Oct2024 19:49:05.358] [Server thread/INFO] [net.minecraft.server.MinecraftServer/]: Generating keypair
[30Oct2024 19:49:05.446] [Server thread/DEBUG] [net.neoforged.fml.config.ConfigTracker/CONFIG]: Loading configs type SERVER
[30Oct2024 19:49:05.450] [Server thread/DEBUG] [net.neoforged.neoforge.common.NeoForgeConfig/FORGEMOD]: Loaded NeoForge config file neoforge-server.toml
[30Oct2024 19:49:05.451] [Server thread/DEBUG] [net.neoforged.fml.config.ConfigTracker/CONFIG]: Loaded TOML config file D:\Files\Da Documents\Mods\MC-Kraftmined-Ultimate\Kombat\run\config\neoforge-server.toml
[30Oct2024 19:49:05.453] [Server thread/DEBUG] [net.neoforged.fml.config.ConfigTracker/CONFIG]: Watching TOML config file D:\Files\Da Documents\Mods\MC-Kraftmined-Ultimate\Kombat\run\config\neoforge-server.toml for changes
[30Oct2024 19:49:06.961] [Server thread/INFO] [net.minecraft.server.MinecraftServer/]: Preparing start region for dimension minecraft:overworld
[30Oct2024 19:49:07.233] [progressListener/INFO] [net.minecraft.server.level.progress.LoggerChunkProgressListener/]: Preparing spawn area: 0%
[30Oct2024 19:49:07.368] [Server thread/INFO] [net.neoforged.neoforge.server.permission.PermissionAPI/]: Successfully initialized permission handler neoforge:default_handler
[30Oct2024 19:49:07.377] [progressListener/INFO] [net.minecraft.server.level.progress.LoggerChunkProgressListener/]: Time elapsed: 398 ms
[30Oct2024 19:49:07.488] [Server thread/INFO] [net.minecraft.client.server.IntegratedServer/]: Changing view distance to 5, from 10
[30Oct2024 19:49:07.489] [Server thread/INFO] [net.minecraft.client.server.IntegratedServer/]: Changing simulation distance to 12, from 0
[30Oct2024 19:49:07.524] [Render thread/DEBUG] [io.netty.channel.MultithreadEventLoopGroup/]: -Dio.netty.eventLoopThreads: 16
[30Oct2024 19:49:07.538] [Render thread/DEBUG] [io.netty.util.concurrent.GlobalEventExecutor/]: -Dio.netty.globalEventExecutor.quietPeriodSeconds: 1
[30Oct2024 19:49:07.554] [Render thread/DEBUG] [io.netty.channel.nio.NioEventLoop/]: -Dio.netty.noKeySetOptimization: false
[30Oct2024 19:49:07.555] [Render thread/DEBUG] [io.netty.channel.nio.NioEventLoop/]: -Dio.netty.selectorAutoRebuildThreshold: 512
[30Oct2024 19:49:07.563] [Render thread/DEBUG] [io.netty.util.internal.PlatformDependent/]: org.jctools-core.MpscChunkedArrayQueue: available
[30Oct2024 19:49:07.615] [Render thread/DEBUG] [io.netty.channel.DefaultChannelId/]: -Dio.netty.processId: 17136 (auto-detected)
[30Oct2024 19:49:07.618] [Render thread/DEBUG] [io.netty.util.NetUtil/]: -Djava.net.preferIPv4Stack: false
[30Oct2024 19:49:07.619] [Render thread/DEBUG] [io.netty.util.NetUtil/]: -Djava.net.preferIPv6Addresses: system
[30Oct2024 19:49:07.623] [Render thread/DEBUG] [io.netty.util.NetUtilInitializations/]: Loopback interface: loopback_0 (Software Loopback Interface 1, 0:0:0:0:0:0:0:1)
[30Oct2024 19:49:07.625] [Render thread/DEBUG] [io.netty.util.NetUtil/]: Failed to get SOMAXCONN from sysctl and file \proc\sys\net\core\somaxconn. Default: 200
[30Oct2024 19:49:07.626] [Render thread/DEBUG] [io.netty.channel.DefaultChannelId/]: -Dio.netty.machineId: 7c:8a:e1:ff:fe:8a:eb:1e (auto-detected)
[30Oct2024 19:49:07.725] [Render thread/DEBUG] [io.netty.util.Recycler/]: -Dio.netty.recycler.maxCapacityPerThread: 4096
[30Oct2024 19:49:07.726] [Render thread/DEBUG] [io.netty.util.Recycler/]: -Dio.netty.recycler.ratio: 8
[30Oct2024 19:49:07.726] [Render thread/DEBUG] [io.netty.util.Recycler/]: -Dio.netty.recycler.chunkSize: 32
[30Oct2024 19:49:07.726] [Render thread/DEBUG] [io.netty.util.Recycler/]: -Dio.netty.recycler.blocking: false
[30Oct2024 19:49:07.726] [Render thread/DEBUG] [io.netty.util.Recycler/]: -Dio.netty.recycler.batchFastThreadLocalOnly: true
[30Oct2024 19:49:07.955] [Netty Server IO #1/DEBUG] [net.neoforged.neoforge.network.filters.NetworkFilters/]: Injected net.neoforged.neoforge.network.filters.GenericPacketSplitter@6aba27a7 into net.minecraft.network.Connection@2ea495f6
[30Oct2024 19:49:07.965] [Netty Local Client IO #0/DEBUG] [net.neoforged.neoforge.network.filters.NetworkFilters/]: Injected net.neoforged.neoforge.network.filters.GenericPacketSplitter@2eb05757 into net.minecraft.network.Connection@2dd97d4e
[30Oct2024 19:49:08.548] [Netty Server IO #1/DEBUG] [net.neoforged.neoforge.network.filters.NetworkFilters/]: Injected net.neoforged.neoforge.network.filters.GenericPacketSplitter@5a2af140 into net.minecraft.network.Connection@2ea495f6
[30Oct2024 19:49:08.704] [Server thread/INFO] [net.minecraft.server.players.PlayerList/]: Dev[local:E:f9b64d64] logged in with entity id 119 at (-381.5976904652308, 64.78351091432364, 322.33228784842953)
[30Oct2024 19:49:08.780] [Server thread/INFO] [net.minecraft.server.MinecraftServer/]: Dev joined the game
[30Oct2024 19:49:08.917] [Render thread/INFO] [net.minecraft.advancements.AdvancementTree/]: Loaded 2 advancements
[30Oct2024 19:49:20.092] [Render thread/INFO] [net.minecraft.advancements.AdvancementTree/]: Loaded 3 advancements
[30Oct2024 19:49:20.460] [Server thread/INFO] [net.minecraft.server.MinecraftServer/]: Dev has made the advancement [Acquire Hardware]
[30Oct2024 19:49:20.503] [Render thread/INFO] [net.minecraft.client.gui.components.ChatComponent/]: [System] [CHAT] Dev has made the advancement [Acquire Hardware]
[30Oct2024 19:49:20.512] [Render thread/INFO] [net.minecraft.advancements.AdvancementTree/]: Loaded 37 advancements
[30Oct2024 19:49:29.393] [Server thread/INFO] [net.minecraft.server.MinecraftServer/]: [Dev: Gave 1 [Command Block] to Dev]
[30Oct2024 19:49:29.399] [Render thread/INFO] [net.minecraft.client.gui.components.ChatComponent/]: [System] [CHAT] Gave 1 [Command Block] to Dev
[30Oct2024 19:49:30.771] [Server thread/INFO] [net.minecraft.client.server.IntegratedServer/]: Saving and pausing game...
[30Oct2024 19:49:30.806] [Server thread/INFO] [net.minecraft.server.MinecraftServer/]: Saving chunks for level 'ServerLevel[New World]'/minecraft:overworld
[30Oct2024 19:49:30.867] [Server thread/INFO] [net.minecraft.server.MinecraftServer/]: Saving chunks for level 'ServerLevel[New World]'/minecraft:the_end
[30Oct2024 19:49:30.986] [Server thread/INFO] [net.minecraft.server.MinecraftServer/]: Saving chunks for level 'ServerLevel[New World]'/minecraft:the_nether
[30Oct2024 19:49:31.011] [Server thread/DEBUG] [net.neoforged.neoforge.common.CommonHooks/WP]: Gathered mod list to write to world save New World
[30Oct2024 19:49:52.101] [Render thread/INFO] [net.minecraft.client.gui.components.ChatComponent/]: [System] [CHAT] Command set: effect give @e[type=minecraft:iron_golem] minecraft:fire_resistance infinite 1 true
[30Oct2024 19:49:52.124] [Server thread/INFO] [net.minecraft.server.MinecraftServer/]: [@: Applied effect Fire Resistance to 6 targets]
[30Oct2024 19:49:52.163] [Render thread/INFO] [net.minecraft.client.gui.components.ChatComponent/]: [System] [CHAT] [@: Applied effect Fire Resistance to 6 targets]
[30Oct2024 19:50:01.021] [Server thread/INFO] [net.minecraft.client.server.IntegratedServer/]: Saving and pausing game...
[30Oct2024 19:50:01.039] [Server thread/INFO] [net.minecraft.server.MinecraftServer/]: Saving chunks for level 'ServerLevel[New World]'/minecraft:overworld
[30Oct2024 19:50:01.073] [Server thread/INFO] [net.minecraft.server.MinecraftServer/]: Saving chunks for level 'ServerLevel[New World]'/minecraft:the_end
[30Oct2024 19:50:01.088] [Server thread/INFO] [net.minecraft.server.MinecraftServer/]: Saving chunks for level 'ServerLevel[New World]'/minecraft:the_nether
[30Oct2024 19:50:01.104] [Server thread/DEBUG] [net.neoforged.neoforge.common.CommonHooks/WP]: Gathered mod list to write to world save New World
[30Oct2024 19:50:03.614] [Render thread/INFO] [net.minecraft.client.gui.components.ChatComponent/]: [System] [CHAT] Command set: effect give @e[type=minecraft:iron_golem] minecraft:fire_resistance infinite 1 true
[30Oct2024 19:50:04.721] [Server thread/INFO] [net.minecraft.client.server.IntegratedServer/]: Saving and pausing game...
[30Oct2024 19:50:04.741] [Server thread/INFO] [net.minecraft.server.MinecraftServer/]: Saving chunks for level 'ServerLevel[New World]'/minecraft:overworld
[30Oct2024 19:50:04.771] [Server thread/INFO] [net.minecraft.server.MinecraftServer/]: Saving chunks for level 'ServerLevel[New World]'/minecraft:the_end
[30Oct2024 19:50:04.779] [Server thread/INFO] [net.minecraft.server.MinecraftServer/]: Saving chunks for level 'ServerLevel[New World]'/minecraft:the_nether
[30Oct2024 19:50:04.788] [Server thread/DEBUG] [net.neoforged.neoforge.common.CommonHooks/WP]: Gathered mod list to write to world save New World
[30Oct2024 19:50:06.349] [Render thread/INFO] [net.minecraft.client.gui.components.ChatComponent/]: [System] [CHAT] Command set: effect give @e[type=minecraft:iron_golem] minecraft:fire_resistance infinite 1 true
[30Oct2024 19:50:14.832] [Server thread/INFO] [net.minecraft.server.MinecraftServer/]: [Dev: Set the time to 13000]
[30Oct2024 19:50:14.834] [Render thread/INFO] [net.minecraft.client.gui.components.ChatComponent/]: [System] [CHAT] Set the time to 13000
[30Oct2024 19:50:27.279] [Server thread/INFO] [net.minecraft.server.MinecraftServer/]: Dev has made the advancement [Monster Hunter]
[30Oct2024 19:50:27.289] [Render thread/INFO] [net.minecraft.client.gui.components.ChatComponent/]: [System] [CHAT] Dev has made the advancement [Monster Hunter]
[30Oct2024 19:50:27.336] [Render thread/INFO] [net.minecraft.advancements.AdvancementTree/]: Loaded 76 advancements
[30Oct2024 19:50:50.955] [Server thread/INFO] [net.minecraft.server.MinecraftServer/]: [Dev: Applied effect Resistance to Dev]
[30Oct2024 19:50:50.958] [Render thread/INFO] [net.minecraft.client.gui.components.ChatComponent/]: [System] [CHAT] Applied effect Resistance to Dev
[30Oct2024 19:51:02.375] [Server thread/INFO] [net.minecraft.server.commands.LocateCommand/]: Locating element minecraft:village_plains took 1303 ms
[30Oct2024 19:51:02.377] [Render thread/INFO] [net.minecraft.client.gui.components.ChatComponent/]: [System] [CHAT] The nearest minecraft:village_plains is at [-1008, ~, 1936] (1738 blocks away)
[30Oct2024 19:51:11.898] [Server thread/INFO] [net.minecraft.server.MinecraftServer/]: [Dev: Teleported Dev to -1007.500000, 63.000000, 1936.500000]
[30Oct2024 19:51:11.902] [Server thread/WARN] [net.minecraft.server.MinecraftServer/]: Can't keep up! Is the server overloaded? Running 3131ms or 62 ticks behind
[30Oct2024 19:51:11.905] [Render thread/INFO] [net.minecraft.client.gui.components.ChatComponent/]: [System] [CHAT] Teleported Dev to -1007.500000, 63.000000, 1936.500000
[30Oct2024 19:51:14.372] [Server thread/INFO] [net.minecraft.server.MinecraftServer/]: [@: Applied effect Fire Resistance to 7 targets]
[30Oct2024 19:51:14.422] [Render thread/INFO] [net.minecraft.client.gui.components.ChatComponent/]: [System] [CHAT] [@: Applied effect Fire Resistance to 7 targets]
[30Oct2024 19:51:34.371] [Render thread/INFO] [net.minecraft.advancements.AdvancementTree/]: Loaded 76 advancements
[30Oct2024 19:51:51.647] [Server thread/INFO] [net.minecraft.server.MinecraftServer/]: Dev has made the advancement [Sweet Dreams]
[30Oct2024 19:51:51.648] [Render thread/INFO] [net.minecraft.client.gui.components.ChatComponent/]: [System] [CHAT] Respawn point set
[30Oct2024 19:51:51.652] [Render thread/INFO] [net.minecraft.client.gui.components.ChatComponent/]: [System] [CHAT] Dev has made the advancement [Sweet Dreams]
[30Oct2024 19:51:51.679] [Render thread/INFO] [net.minecraft.advancements.AdvancementTree/]: Loaded 76 advancements
[30Oct2024 19:52:04.570] [Server thread/INFO] [net.minecraft.client.server.IntegratedServer/]: Saving and pausing game...
[30Oct2024 19:52:04.590] [Server thread/INFO] [net.minecraft.server.MinecraftServer/]: Saving chunks for level 'ServerLevel[New World]'/minecraft:overworld
[30Oct2024 19:52:04.626] [Server thread/INFO] [net.minecraft.server.MinecraftServer/]: Saving chunks for level 'ServerLevel[New World]'/minecraft:the_end
[30Oct2024 19:52:04.638] [Server thread/INFO] [net.minecraft.server.MinecraftServer/]: Saving chunks for level 'ServerLevel[New World]'/minecraft:the_nether
[30Oct2024 19:52:04.654] [Server thread/DEBUG] [net.neoforged.neoforge.common.CommonHooks/WP]: Gathered mod list to write to world save New World
[30Oct2024 19:52:15.691] [Server thread/INFO] [net.minecraft.server.MinecraftServer/]: [Dev: Gamerule buffedPassives is now set to: 2]
[30Oct2024 19:52:15.695] [Render thread/INFO] [net.minecraft.client.gui.components.ChatComponent/]: [System] [CHAT] Gamerule buffedPassives is now set to: 2
[30Oct2024 19:53:02.635] [Render thread/INFO] [net.minecraft.advancements.AdvancementTree/]: Loaded 77 advancements
[30Oct2024 19:53:35.407] [Server thread/INFO] [net.minecraft.server.MinecraftServer/]: [Dev: Set own game mode to Survival Mode]
[30Oct2024 19:53:35.408] [Render thread/INFO] [net.minecraft.client.gui.components.ChatComponent/]: [System] [CHAT] Set own game mode to Survival Mode
[30Oct2024 19:54:39.103] [Server thread/DEBUG] [net.neoforged.neoforge.common.CommonHooks/WP]: Gathered mod list to write to world save New World
[30Oct2024 19:54:41.780] [Render thread/INFO] [net.minecraft.advancements.AdvancementTree/]: Loaded 78 advancements
[30Oct2024 19:55:13.633] [Render thread/INFO] [net.minecraft.advancements.AdvancementTree/]: Loaded 81 advancements
[30Oct2024 19:56:08.913] [Server thread/INFO] [net.minecraft.server.MinecraftServer/]: [Dev: Set own game mode to Creative Mode]
[30Oct2024 19:56:08.915] [Render thread/INFO] [net.minecraft.client.gui.components.ChatComponent/]: [System] [CHAT] Set own game mode to Creative Mode
[30Oct2024 19:57:11.705] [Server thread/INFO] [net.minecraft.server.MinecraftServer/]: [Dev: Set own game mode to Survival Mode]
[30Oct2024 19:57:11.706] [Render thread/INFO] [net.minecraft.client.gui.components.ChatComponent/]: [System] [CHAT] Set own game mode to Survival Mode
[30Oct2024 19:57:19.627] [Render thread/INFO] [net.minecraft.advancements.AdvancementTree/]: Loaded 81 advancements
[30Oct2024 19:57:20.136] [Render thread/INFO] [net.minecraft.advancements.AdvancementTree/]: Loaded 82 advancements
[30Oct2024 19:57:36.871] [Server thread/INFO] [net.minecraft.server.MinecraftServer/]: [@: Applied effect Fire Resistance to 8 targets]
[30Oct2024 19:57:36.879] [Render thread/INFO] [net.minecraft.client.gui.components.ChatComponent/]: [System] [CHAT] [@: Applied effect Fire Resistance to 8 targets]
[30Oct2024 19:57:49.989] [Server thread/INFO] [net.minecraft.server.MinecraftServer/]: [Dev: Set own game mode to Creative Mode]
[30Oct2024 19:57:49.991] [Render thread/INFO] [net.minecraft.client.gui.components.ChatComponent/]: [System] [CHAT] Set own game mode to Creative Mode
[30Oct2024 19:58:08.870] [Server thread/INFO] [net.minecraft.server.MinecraftServer/]: [Dev: Set own game mode to Survival Mode]
[30Oct2024 19:58:08.874] [Render thread/INFO] [net.minecraft.client.gui.components.ChatComponent/]: [System] [CHAT] Set own game mode to Survival Mode
[30Oct2024 19:59:39.109] [Server thread/DEBUG] [net.neoforged.neoforge.common.CommonHooks/WP]: Gathered mod list to write to world save New World
[30Oct2024 20:00:51.713] [Render thread/INFO] [net.minecraft.client.gui.components.ChatComponent/]: [System] [CHAT] Base value for attribute Gravity for entity Zombie set to 10.0
[30Oct2024 20:01:00.762] [Render thread/INFO] [net.minecraft.client.gui.components.ChatComponent/]: [System] [CHAT] Base value for attribute Gravity for entity Zombie set to -10.0
[30Oct2024 20:01:04.207] [Render thread/INFO] [net.minecraft.client.gui.components.ChatComponent/]: [System] [CHAT] Base value for attribute Gravity for entity Zombie set to 10.0
[30Oct2024 20:01:28.606] [Render thread/INFO] [net.minecraft.client.gui.components.ChatComponent/]: [System] [CHAT] Base value for attribute Gravity for entity Zombie set to 100.0
[30Oct2024 20:01:40.460] [Render thread/INFO] [net.minecraft.client.gui.components.ChatComponent/]: [System] [CHAT] Base value for attribute Gravity for entity Zombie set to 1.0
[30Oct2024 20:01:44.006] [Render thread/INFO] [net.minecraft.client.gui.components.ChatComponent/]: [System] [CHAT] Base value for attribute Gravity for entity Zombie set to 0.9
[30Oct2024 20:01:46.405] [Render thread/INFO] [net.minecraft.client.gui.components.ChatComponent/]: [System] [CHAT] Base value for attribute Gravity for entity Zombie set to 0.8
[30Oct2024 20:01:49.156] [Render thread/INFO] [net.minecraft.client.gui.components.ChatComponent/]: [System] [CHAT] Base value for attribute Gravity for entity Zombie set to 1.0
[30Oct2024 20:01:58.209] [Render thread/INFO] [net.minecraft.client.gui.components.ChatComponent/]: [System] [CHAT] Base value for attribute Gravity for entity Zombie set to -0.1
[30Oct2024 20:02:01.886] [Render thread/INFO] [net.minecraft.client.gui.components.ChatComponent/]: [System] [CHAT] Base value for attribute Gravity for entity Zombie set to 1.0
[30Oct2024 20:02:11.728] [Render thread/INFO] [net.minecraft.client.gui.components.ChatComponent/]: [System] [CHAT] Base value for attribute Gravity for entity Zombie set to 0.01
[30Oct2024 20:02:15.531] [Render thread/INFO] [net.minecraft.client.gui.components.ChatComponent/]: [System] [CHAT] Base value for attribute Gravity for entity Zombie set to -0.01
[30Oct2024 20:02:22.944] [Render thread/INFO] [net.minecraft.client.gui.components.ChatComponent/]: [System] [CHAT] Base value for attribute Gravity for entity Zombie set to -0.001
[30Oct2024 20:02:32.563] [Render thread/INFO] [net.minecraft.client.gui.components.ChatComponent/]: [System] [CHAT] Base value for attribute Gravity for entity Zombie set to -0.01
[30Oct2024 20:02:36.342] [Render thread/INFO] [net.minecraft.client.gui.components.ChatComponent/]: [System] [CHAT] Base value for attribute Gravity for entity Zombie set to 0.01
[30Oct2024 20:02:55.289] [Render thread/INFO] [net.minecraft.client.gui.components.ChatComponent/]: [System] [CHAT] Base value for attribute Gravity for entity Dev set to 0.01
[30Oct2024 20:03:07.331] [Render thread/INFO] [net.minecraft.client.gui.components.ChatComponent/]: [System] [CHAT] Base value for attribute Gravity for entity Dev set to 0.001
[30Oct2024 20:03:16.871] [Render thread/INFO] [net.minecraft.client.gui.components.ChatComponent/]: [System] [CHAT] Base value for attribute Gravity for entity Dev set to 1.0
[30Oct2024 20:03:23.811] [Render thread/INFO] [net.minecraft.client.gui.components.ChatComponent/]: [System] [CHAT] Base value for attribute Gravity for entity Dev set to -1.0
[30Oct2024 20:03:34.544] [Render thread/INFO] [net.minecraft.client.gui.components.ChatComponent/]: [System] [CHAT] Base value for attribute Gravity for entity Dev set to 1.0
[30Oct2024 20:03:39.271] [Server thread/INFO] [net.minecraft.client.server.IntegratedServer/]: Saving and pausing game...
[30Oct2024 20:03:39.289] [Server thread/INFO] [net.minecraft.server.MinecraftServer/]: Saving chunks for level 'ServerLevel[New World]'/minecraft:overworld
[30Oct2024 20:03:39.318] [Server thread/INFO] [net.minecraft.server.MinecraftServer/]: Saving chunks for level 'ServerLevel[New World]'/minecraft:the_end
[30Oct2024 20:03:39.333] [Server thread/INFO] [net.minecraft.server.MinecraftServer/]: Saving chunks for level 'ServerLevel[New World]'/minecraft:the_nether
[30Oct2024 20:03:39.346] [Server thread/DEBUG] [net.neoforged.neoforge.common.CommonHooks/WP]: Gathered mod list to write to world save New World
[30Oct2024 20:03:39.884] [Server thread/INFO] [net.minecraft.server.network.ServerGamePacketListenerImpl/]: Dev lost connection: Disconnected
[30Oct2024 20:03:39.885] [Server thread/INFO] [net.minecraft.server.MinecraftServer/]: Dev left the game
[30Oct2024 20:03:39.911] [Server thread/INFO] [net.minecraft.server.network.ServerCommonPacketListenerImpl/]: Stopping singleplayer server as player logged out
[30Oct2024 20:03:39.927] [Server thread/INFO] [net.minecraft.server.MinecraftServer/]: Stopping server
[30Oct2024 20:03:39.932] [Server thread/INFO] [net.minecraft.server.MinecraftServer/]: Saving players
[30Oct2024 20:03:39.932] [Server thread/INFO] [net.minecraft.server.MinecraftServer/]: Saving worlds
[30Oct2024 20:03:42.082] [Server thread/INFO] [net.minecraft.server.MinecraftServer/]: Saving chunks for level 'ServerLevel[New World]'/minecraft:overworld
[30Oct2024 20:03:42.290] [Server thread/INFO] [net.minecraft.server.MinecraftServer/]: Saving chunks for level 'ServerLevel[New World]'/minecraft:the_end
[30Oct2024 20:03:42.302] [Server thread/INFO] [net.minecraft.server.MinecraftServer/]: Saving chunks for level 'ServerLevel[New World]'/minecraft:the_nether
[30Oct2024 20:03:42.313] [Server thread/DEBUG] [net.neoforged.neoforge.common.CommonHooks/WP]: Gathered mod list to write to world save New World
[30Oct2024 20:03:42.329] [Server thread/INFO] [net.minecraft.server.MinecraftServer/]: ThreadedAnvilChunkStorage (New World (1)): All chunks are saved
[30Oct2024 20:03:42.329] [Server thread/INFO] [net.minecraft.server.MinecraftServer/]: ThreadedAnvilChunkStorage (DIM1): All chunks are saved
[30Oct2024 20:03:42.330] [Server thread/INFO] [net.minecraft.server.MinecraftServer/]: ThreadedAnvilChunkStorage (DIM-1): All chunks are saved
[30Oct2024 20:03:42.330] [Server thread/INFO] [net.minecraft.server.MinecraftServer/]: ThreadedAnvilChunkStorage: All dimensions are saved
[30Oct2024 20:03:42.520] [Server thread/DEBUG] [net.neoforged.fml.config.ConfigTracker/CONFIG]: Unloading configs type SERVER
[30Oct2024 20:03:43.919] [Render thread/INFO] [net.minecraft.client.Minecraft/]: Stopping!
